Workbook

Sheet v0
B1: 块个数 | C1: 单块运行cycle | D1: 流水延迟 | E1: CB CR 块 | F1: 420 | G1: 422 | H1: 模式
A2: 8x8 | B2: 64 | C2: 8 | D2: 6 | E2: 64*2 | F2: 4x4 | G2: 4x8 | H2: FME+ MMVPx1 | O2: Y | P2: y size | Q2: 块个数 | R2: 单块运行cycle | S2: 模式个数 | T2: 小计 | U2: 总计
A3: 16x16 | B3: 16 | C3: 24 | D3: 6 | E3: 16*2 | F3: 8x8 | G3: 8x16 | H3: FME+ MMVPx2 | O3: 16pixel | P3: 8x8 | Q3: 64 | R3: 8 | S3: 2 | T3: =Q3*R3*S3 -> 1024 | U3: =T3+T4 -> 1024
A4: 32x32 | B4: 4 | C4: 78 | D4: 6 | E4: 8*2 | F4: 16x16 | G4: 16x32 | H4: FME+ MMVPx2 | P4: 16x16 | Q4: 16 | R4: 23 | S4: 0 | T4: =Q4*R4*S4 -> 0
A5: 64x64 | B5: 1 | C5: 284 | D5: 6 | E5: 2 | F5: 32x32 | G5: 32x64 | H5: FME+ MMVPx1 | O5: 16pixel | P5: 16x16 | Q5: 16 | R5: 23 | S5: 2 | T5: =Q5*R5*S5 -> 736 | U5: =T5+T6+T7 -> 1360
P6: 32x32 | Q6: 4 | R6: 78 | S6: 2 | T6: =Q6*R6*S6 -> 624
A7: 性能需求420：64x64 | B7: 3200 | P7: 64x64 （切成4个32x32) | Q7: 4 | R7: 78 | S7: 0 | T7: =Q7*R7*S7 -> 0
A8: 插值性能估计
A9: Y | B9: 块个数 | C9: 单块运行cycle | D9: 模式个数 | E9: 总计 | G9: Y | H9: y size | I9: 块个数 | J9: 单块运行cycle | K9: 模式个数 | L9: 小计 | M9: 总计 | O9: Y | P9: y size | Q9: 块个数 | R9: 单块运行cycle | S9: 模式个数 | T9: 小计 | U9: 总计
A10: 8x8 | B10: 64 | C10: 8 | D10: 2 | E10: =B10*C10*D10 -> 1024 | G10: 16pixel | H10: 8x8 1F1M | I10: 64 | J10: 8 | K10: 2 | L10: 1024 | M10: 2440 | O10: 16pixel | P10: 8x8 1F3M | Q10: 64 | R10: 8 | S10: 4 | T10: =Q10*R10*S10 -> 2048 | U10: =T10+T11 -> 2416
A11: 16x16 | B11: 16 | C11: 23 | D11: 3 | E11: =B11*C11*D11 -> 1104 | H11: 16x16 1F2M | I11: 16 | J11: 23 | K11: 3 | L11: 1104 | P11: 16x16 2M | Q11: 16 | R11: 23 | S11: 1 | T11: =Q11*R11*S11 -> 368
A12: 32x32 | B12: 4 | C12: 78 | D12: 3 | E12: =B12*C12*D12 -> 936 | H12: 32x32 1F | I12: 4 | J12: 78 | K12: 1 | L12: 312 | O12: 16pixel | P12: 16x16 1F1M | Q12: 16 | R12: 23 | S12: 2 | T12: =Q12*R12*S12 -> 736 | U12: =T12+T13+T14 -> 2296
A13: 64x64(切成4个32x32) | B13: 4 | C13: 78 | D13: 2 | E13: =B13*C13*D13 -> 624 | G13: 8pixel | H13: 32x32 2M | I13: 4 | J13: 156 | K13: 2 | L13: 1248 | M13: 2496 | P13: 32x32 1F3M | Q13: 4 | R13: 78 | S13: 3 | T13: =Q13*R13*S13 -> 936
E14: 3688 | H14: 64x64 1F1M(切成4个32x32) | I14: 4 | J14: 156 | K14: 2 | L14: 1248 | P14: 64x64 1F1M(切成4个32x32) | Q14: 4 | R14: 78 | S14: 2 | T14: =Q14*R14*S14 -> 624
A16: U(420) | B16: 块个数 | C16: 单块运行cycle(8 pixel) | D16: 模式个数 | G16: UV | H16: uv size | I16: 块个数 | J16: 单块运行cycle | K16: 模式个数 | L16: 小计 | M16: 总计 （U+V） | O16: Y | P16: y size | Q16: 块个数 | R16: 单块运行cycle | S16: 模式个数 | T16: 小计 | U16: 总计
A17: 4x4 (Y8x8) | B17: 64 | C17: 4 | D17: 4 | E17: =B17*C17*D17 -> 1024 | G17: 8pixel | H17: 4x4 | I17: 64 | J17: 4 | K17: 2 | L17: 512 | M17: 2384 | O17: 16pixel | P17: 8x8 1F1M | Q17: 64 | R17: 8 | S17: 2 | T17: =Q17*R17*S17 -> 1024 | U17: 2496
A18: 8x8 (Y16x16) | B18: 16 | C18: 11 | D18: 4 | E18: =B18*C18*D18 -> 704 | H18: 8x8 | I18: 16 | J18: 11 | K18: 3 | L18: 528 | P18: 16x16 1F3M | Q18: 16 | R18: 23 | S18: 4 | T18: =Q18*R18*S18 -> 1472
A19: 16x16 (Y32x32) | B19: 4 | C19: 38 | D19: 4 | E19: =B19*C19*D19 -> 608 | H19: 16x16 F | I19: 4 | J19: 38 | K19: 1 | L19: 152 | T19: =Q19*R19*S19 -> 0
A20: 32x32 (Y64x64) | B20: 1 | C20: 140 | D20: 2 | E20: =B20*C20*D20 -> 280 | G20: 4pixel | H20: 16x16 M | I20: 4 | J20: 76 | K20: 2 | L20: 608 | M20: 2336 | O20: 16pixel | P20: 32x32 1F3M | Q20: 4 | R20: 78 | S20: 4 | T20: =Q20*R20*S20 -> 1248 | U20: 2496
E21: 1800 | H21: 32x32(4x32x8) | I21: 1 | J21: 280 | K21: 2 | L21: 560 | P21: 64x64 1F3M(切成4个32x32) | Q21: 4 | R21: 78 | S21: 4 | T21: =Q21*R21*S21 -> 1248
A23: 块输出到TQITQ 时间
A24: Y | B24: 块个数 | C24: 单块输出时间 | D24: 模式个数 | E24: 总计 | G24: TQITQ输入通道 | H24: Y 耗时 | I24: UV 耗时 | J24: MRG总耗时 | K24: Intra 耗时 | L24: TQITQ 输入耗时 | O24: UV | P24: uv size | Q24: 块个数 | R24: 单块运行cycle | S24: 模式个数 | T24: 小计 | U24: 总计 （U420）
A25: 8x8 | B25: 64 | C25: 4 | D25: 2 | E25: =B25*C25*D25 -> 512 | G25: 8x8 | H25: 512 | I25: 256 | J25: 768 | K25: 768 | L25: 768 | M25: MRG & intra 独立 | O25: 16pixel | P25: 4x4 1F3M | Q25: 64 | R25: 4 | S25: 4 | T25: =Q25*R25*S25 -> 1024 | U25: =T25+T26 -> 1376
A26: 16x16 | B26: 16 | C26: 16 | D26: 2 | E26: =B26*C26*D26 -> 512 | G26: 16x16 | H26: 512 | I26: 256 | J26: 768 | K26: 768 | L26: 1536 | M26: MRG & intra 共享 | P26: 8x8 2M | Q26: 16 | R26: 11 | S26: 2 | T26: =Q26*R26*S26 -> 352
A27: 32x32 | B27: 4 | C27: 64 | D27: 2 | E27: =B27*C27*D27 -> 512 | G27: 32x32 | H27: 1024 | I27: 256 | J27: 1280 | K27: 512 | L27: 1792 | O27: 16pixel | P27: 8x8 1F1M | Q27: 16 | R27: 11 | S27: 2 | T27: =Q27*R27*S27 -> 352 | U27: =T27+T28+T29 -> 1240
A28: 64x64(切成4个32x32) | B28: 4 | C28: 64 | D28: 2 | E28: =B28*C28*D28 -> 512 | G28: 4x4 | H28: 0 | I28: 512 | J28: 512 | K28: 0 | L28: 512 | M28: 待定 | P28: 16x16 1F3M | Q28: 4 | R28: 38 | S28: 4 | T28: =Q28*R28*S28 -> 608
E29: 2048 | P29: 32x32 1F1M(切成4个32x32) | Q29: 1 | R29: 140 | S29: 2 | T29: =Q29*R29*S29 -> 280
A31: U(420) | B31: 块个数 | C31: 单块输出时间 | D31: 模式个数
A32: 4x4 (Y8x8) | B32: 64 | C32: 2 | D32: 2 | E32: =B32*C32*D32 -> 256 | G32: Y | H32: y size | I32: 块个数 | J32: 单块运行cycle | K32: 模式个数 | L32: 小计 | M32: 总计
A33: 8x8 (Y16x16) | B33: 16 | C33: 4 | D33: 2 | E33: =B33*C33*D33 -> 128 | G33: 16pixel | H33: 8x8 | I33: 64 | J33: 8 | K33: 3 | L33: =I33*J33*K33 -> 1536 | M33: =L33+L34 -> 1536
A34: 16x16 (Y32x32) | B34: 4 | C34: 16 | D34: 2 | E34: =B34*C34*D34 -> 128
A35: 32x32 (Y64x64) | B35: 1 | C35: 64 | D35: 2 | E35: =B35*C35*D35 -> 128 | H35: 16x16 | I35: 16 | J35: 23 | K35: 3 | L35: =I35*J35*K35 -> 1104 | M35: =L35+L36+L37 -> 1728
E36: 640 | H36: 32x32 | I36: 4 | J36: 78 | K36: 2 | L36: =I36*J36*K36 -> 624
H37: 64x64 （切成4个32x32) | I37: 4 | J37: 78 | K37: 0 | L37: =I37*J37*K37 -> 0
A38: PMF output to TQITQ 占用时间
A39: 通道4 | B39: 块数 | C39: 输出时间 | D39: 模式个数 | E39: 时间
A40: uv4x4 | B40: 128 | C40: 1 | D40: 4 | E40: =B40*C40*D40 -> 512
A41: y8x8(切成4个4x4) | B41: 256 | C41: 1 | D41: 4 | E41: =B41*C41*D41 -> 1024
A42: 总计 | E42: =SUM(E40:E41) -> 1536
A44: 通道8
A45: Y8x8 | B45: 64 | C45: 4 | D45: 4 | E45: =B45*C45*D45 -> 1024
A46: UV8x8 | B46: 32 | C46: 4 | D46: 2 | E46: =B46*C46*D46 -> 256
A47: 总计 | E47: =SUM(E45:E46) -> 1280
A49: 通道16
A50: Y16x16 | B50: 16 | C50: 16 | D50: 2 | E50: =B50*C50*D50 -> 512
A51: UV16x16 | B51: 4 | C51: 16 | D51: 2 | E51: =B51*C51*D51 -> 128
A52: UV32x32（切成4个16x16) | B52: 4 | C52: 16 | D52: 2 | E52: =B52*C52*D52 -> 128
A53: 总计 | E53: =SUM(E50:E52) -> 768
A55: 通道32
A56: Y32x32 | B56: 4 | C56: 72 | D56: 2 | E56: =B56*C56*D56 -> 576
A57: Y64x64(切成4个32x32) | B57: 4 | C57: 72 | D57: 2 | E57: =B57*C57*D57 -> 576
A58: 总计 | E58: =SUM(E56:E57) -> 1152
A75: HEVC | K75: H264
A76: inter pk in | B76: inter pk work | C76: inter pk out | G76: tqitq8x8 input | H76: tqitq work | I76: tqitq out | K76: inter pk in | L76: inter pk work | M76: inter pk out | P76: tqitq16x16 input | Q76: tqitq work | R76: tqitq out
A77: 1 | B77: 1 | C77: 1 | G77: 0 | H77: 19 | I77: 0 | K77: 1 | L77: 1 | M77: 3
A78: sel pk in | B78: sel pk work | C78: sel pk out | G78: tqitq4x4 input | H78: tqitq work | I78: tqitq out | K78: sel pk in | L78: sel pk work | M78: sel pk out | P78: tqitq8x8 input | Q78: tqitq work | R78: tqitq out
A79: 1 | B79: 1 | C79: 4 | G79: 0 | H79: 12 | I79: 0 | K79: 0 | L79: 0 | M79: 0 | P79: 0 | Q79: 12 | R79: 0
A80: Yread latancy | B80: 32x32 input cc | C80: 32x32 work cc | D80: 32x32 output cc | K80: Yread latancy | L80: 32x32 input cc | M80: 32x32 work cc | N80: 32x32 output cc | P80: tqitq4x4 input | Q80: tqitq work | R80: tqitq out
A81: 2 | B81: 78 | C81: 8 | D81: 64 | E81: 输出考虑了内部缓冲重组 | P81: 0 | Q81: 12 | R81: 0
A82: Yread latancy | B82: 16x16 input cc | C82: 16x16 work cc | D82: 16x16 output cc | K82: Yread latancy | L82: 16x16 input cc | M82: 16x16 work cc | N82: 16x16 output cc | P82: chroma
A83: 2 | B83: 23 | C83: -8 | D83: 16 | K83: 2 | L83: 44 | M83: -22 | N83: 32 | P83: tqitq16x16 input | Q83: tqitq work | R83: tqitq out
A84: Yread latancy | B84: 8x8 input cc | C84: 8x8 work cc | D84: 8x8 output cc | K84: Yread latancy | L84: 8x8 input cc | M84: 8x8 work cc | N84: 8x8 output cc
A85: 2 | B85: 8 | C85: 4 | D85: 4 | K85: 2 | L85: 13 | M85: 8 | N85: 4 | P85: tqitq8x8 input | Q85: tqitq work | R85: tqitq out
A86: UVread latancy | B86: 32x32 input cc | C86: 32x32 work cc | D86: 32x32 output cc | K86: Yread latancy | L86: 4x4 input cc | M86: 4x4 work cc | N86: 4x4 output cc
A87: 2 | B87: 88 | C87: -80 | D87: 88 | P87: tqitq4x4 input | Q87: tqitq work | R87: tqitq out
A88: UVread latancy | B88: 16x16 input cc | C88: 16x16 work cc | D88: 16x16 output cc | K88: UVread latancy | L88: 16x16 input cc | M88: 16x16 work cc | N88: 16x16 output cc | P88: 0 | Q88: 12 | R88: 1
A89: 2 | B89: 76 | C89: -16 | D89: 32
A90: UVread latancy | B90: 8x8 input cc | C90: 8x8 work cc | D90: 8x8 output cc | K90: UVread latancy | L90: 8x8 input cc | M90: 8x8 work cc | N90: 8x8 output cc
A91: 2 | B91: 22 | C91: 0 | D91: 10 | K91: 2 | L91: 26 | M91: -8 | N91: 8
A92: UVread latancy | B92: 4x4 input cc | C92: 4x4 work cc | D92: 4x4 output cc | K92: UVread latancy | L92: 4x4 input cc | M92: 4x4 work cc | N92: 4x4 output cc
A93: 2 | B93: 8 | C93: 2 | D93: 2 | K93: 2 | L93: 6 | M93: 8 | N93: 2
A102: 输入REF PIXEL RAM (单口，独享，每拍输入）
A104: pixel 读取接口 | B104: pixel 需求个数 | C104: pixel 读取个数 | D104: ram 颗粒度(pixel)
A105: y c0 16*1 | B105: 23 | C105: 48 | D105: 16
A106: y c0 8*2 | B106: 2x15 | C106: 2x32 | D106: 16
A107: y c1 16*1 | B107: 23 | C107: 48 | D107: 16
A108: uv c0 8*1 | B108: 11 | C108: 24 | D108: 8
A109: uv c0 4*2 | B109: 2x7 | C109: 2x16 | D109: 8
A110: uv c1 8*1 | B110: 11 | C110: 24 | D110: 8
A111: 总结： Y 需要 4片 16x1 ram; UV 需要4片 8x1 ram;
A113: 以112*112 空间统计（双core) | B113: 总需求pixel | C113: ram 宽度（pixel) | D113: ram 片 | E113: ram深度 | F113: 套 | G113: 单片面积 | H113: P | J113: P 片 | K113: B 片 | L113: B bit | M113: P 面积 | N113: B 面积 | O113: P 面积422 | P113: B 面积422
A114: Y | B114: =112*112 -> 12544 | C114: 16 | D114: 4 | E114: =B114/C114/D114 -> 196 | F114: 2 | G114: 3000 | H114: =B114*F114*10 -> 250880 | I114: Bit | J114: 8 | K114: 16 | L114: =H114*2 -> 501760 | M114: =G114*J114 -> 24000 | N114: =G114*K114 -> 48000 | O114: =M114 -> 24000 | P114: =N114 -> 48000
A115: UV | B115: =56*56*2 -> 6272 | C115: 8 | D115: 4 | E115: =B115/C115/D115 -> 196 | F115: 2 | G115: 1500 | H115: =B115*F115*10 -> 125440 | I115: bit | J115: 8 | K115: 16 | L115: =H115*2 -> 250880 | M115: =G115*J115 -> 12000 | N115: =G115*K115 -> 24000 | O115: =M115*2 -> 24000 | P115: =N115*2 -> 48000
H116: =(H114+H115)/1000/8 -> 47.04 | I116: KB | J116: 16 | K116: 32 | L116: =H116*2 -> 94.08 | M116: =(M114+M115) -> 36000 | N116: =(N114+N115) -> 72000 | O116: =(O114+O115) -> 48000 | P116: =(P114+P115) -> 96000
A117: 以72*72空间统计(双core) | B117: 总需求pixel | C117: ram 宽度（pixel) | D117: ram 片 | E117: ram深度 | F117: 套 | G117: 单片面积 | H117: P | J117: P 片 | K117: B 片 | L117: B bit | M117: P 面积 | N117: B 面积 | O117: P 面积422 | P117: B 面积422
A118: Y | B118: =72*72 -> 5184 | C118: 16 | D118: 4 | E118: 90 | F118: 2 | G118: 2000 | H118: =B118*F118*10 -> 103680 | I118: Bit | J118: 8 | K118: 16 | L118: =H118*2 -> 207360 | M118: =G118*J118 -> 16000 | N118: =G118*K118 -> 32000 | O118: =M118 -> 16000 | P118: =N118 -> 32000
A119: UV | B119: =36*36*2 -> 2592 | C119: 8 | D119: 4 | E119: 90 | F119: 2 | G119: 1000 | H119: =B119*F119*10 -> 51840 | I119: bit | J119: 8 | K119: 16 | L119: =H119*2 -> 103680 | M119: =G119*J119 -> 8000 | N119: =G119*K119 -> 16000 | O119: =M119*2 -> 16000 | P119: =N119*2 -> 32000
H120: =(H118+H119)/1000/8 -> 19.44 | I120: KB | J120: 16 | K120: 32 | L120: =H120*2 -> 38.88 | M120: =(M118+M119) -> 24000 | N120: =(N118+N119) -> 48000 | O120: =(O118+O119) -> 32000 | P120: =(P118+P119) -> 64000
A121: 以72*72空间统计（单core) | B121: 总需求pixel | C121: ram 宽度（pixel) | D121: ram 片 | E121: ram深度 | F121: 套 | G121: 单片面积 | H121: P | J121: P 片 | K121: B 片 | L121: B bit | M121: P 面积 | N121: B 面积 | O121: P 面积422 | P121: B 面积422
A122: Y | B122: =72*72 -> 5184 | C122: 16 | D122: 4 | E122: 90 | F122: 1 | G122: 2000 | H122: =B122*F122*10 -> 51840 | I122: Bit | J122: =D122*F122 -> 4 | K122: =J122*2 -> 8 | L122: =H122*2 -> 103680 | M122: =G122*J122 -> 8000 | N122: =G122*K122 -> 16000 | O122: =M122 -> 8000 | P122: =N122 -> 16000
A123: UV | B123: =36*36*2 -> 2592 | C123: 8 | D123: 4 | E123: 90 | F123: 1 | G123: 1000 | H123: =B123*F123*10 -> 25920 | I123: bit | J123: =D123*F123 -> 4 | K123: =J123*2 -> 8 | L123: =H123*2 -> 51840 | M123: =G123*J123 -> 4000 | N123: =G123*K123 -> 8000 | O123: =M123*2 -> 8000 | P123: =N123*2 -> 16000
H124: =(H122+H123)/1000/8 -> 9.72 | I124: KB | L124: =H124*2 -> 19.44 | M124: =(M122+M123) -> 12000 | N124: =(N122+N123) -> 24000 | O124: =(O122+O123) -> 16000 | P124: =(P122+P123) -> 32000
A126: 输出缓存 （单口，独享）
A128: chanel | B128: ram 宽度 (pixel) | C128: 深度 | D128: 片数 | G128: P 片 | H128: B 片 | I128: P 容量 | J128: B 容量 | L128: P 面积 | M128: B 面积
A129: y c0
A130: y c1 | B130: 16 | C130: 64 | D130: 2 | E130: 基本用满 | F130: 1600 | G130: 2 | H130: 4 | I130: =B130*C130*D130*10 -> 20480 | J130: =I130*2 -> 40960 | K130: bit | L130: =F130*G130 -> 3200 | M130: =F130*H130 -> 6400
A131: uv c0
A132: uv c1 | B132: 16 | C132: 32 | D132: 2 | E132: 基本用满 | F132: 1500 | G132: 2 | H132: 4 | I132: =B132*C132*D132*10 -> 10240 | J132: =I132*2 -> 20480 | K132: bit | L132: =F132*G132 -> 3000 | M132: =F132*H132 -> 6000
G133: 4 | H133: 8 | I133: =(I130+I132)/1000/8 -> 3.84 | J133: =(J130+J132)/1000/8 -> 7.68 | K133: KB
A135: 输出SRC ram 配置
...

Sheet struct
A2: vctrl2pmf_info | B2: codec | C2: 2 | D2: 0=264; 1=265; 2=266;
B3: csamp | C3: 2 | D3: 0/1/2/3 = 400/420/422/.440
B4: pred_mode | C4: 1 | D4: 0=P; 1=B;
B5: bit_depth | C5: 1 | D5: 0=8bit; 1=10bit;
B6: sdw_req_x | C6: 7 | D6: 搜索窗起始点
B7: sdw_req_y | C7: 7
B8: qp | C8: [4:0][6:0] | D8: 4个32x32 块 和1个 64x64 块（32以下共用）
A9: pmf2mvp_req | B9: blk_size | C9: 2 | D9: 8/16/32/64
B10: blk_idx | C10: 6 | D10: z-scan
B11: depend | C11: 1 | D11: 0：反馈 N-2 的两个cand; 1 ： 反馈N-1 的一个
B12: merge | C12: 1 | D12: 0: amvp ; 1:merge
A14: mvp2pmf_ack | B14: blk_size | C14: 2 | D14: 8/16/32/64
B15: blk_idx | C15: 6 | D15: z-scan
B16: cand_idx | C16: 1 | D16: 0：反馈 N-2 mmvp; 1 ： 反馈N-1 mmvp;
B17: merge_idx | C17: [1:0][2:0] | D17: 8x8 需要2个N-2_mmvp + 1个 N-1_mmvp； 16/32 需要2个N-1_mmvp; 64需要1个N-1_mmvp 当cand_idx = 1: blk_size=8: {(MSB)前一轮发送的mmvp1(N-2)的merge_idx1(N-1), 前一轮发送的mmvp0(N-2)的merge_idx0(N-1)} ；若不存在，写成 3‘b111; other: not used ; default to 0;
B18: l1_predflag | C18: 1
B19: l0_predflag | C19: 1
B20: l1_refidx | C20: 2
B21: l0_refidx | C21: 2
B22: l1_mvy | C22: 11
B23: l1_mvx | C23: 11
B24: l0_mvy | C24: 11
B25: l0_mvx | C25: 11
A28: pmf2sel_pk | B28: blk_x | C28: 4 | D28: 4x4
B29: blk_y | C29: 4 | D29: 4x4
B30: size | C30: 2 | D30: 8/16/32/64
B31: comp | C31: 2 | D31: Y/U/V
B32: blk_mode | C32: 3 | D32: 0/1/2/3 = FME/M0/M1/M2
B33: cost | C33: COST_WIDTH
B34: tu_mode | C34: 1 | D34: for H265 8x8 ：0=4x4；1 = 8x8; for H264 16x16: 0=4x4；1 = 8x8;
B35: transform_skip | C35: 1
B36: l1_predflag | C36: 1
B37: l0_predflag | C37: 1
B38: l1_refidx | C38: 3
B39: l0_refidx | C39: 3
B40: l1_mvdy | C40: 16
B41: l1_mvdx | C41: 16
B42: l0_mvdy | C42: 16
B43: l0_mvdx | C43: 16
B44: merge_idx | C44: 3
A46: pmf2sel_pred_t | B46: blk_x | C46: 4
B47: blk_y | C47: 4
B48: comp | C48: 2
B49: blk_mode | C49: 2
A52: pmf2tqitq_res_t | B52: inf_qp | C52: 6 | D52: QP used in quantization, 0-51 for 8-bit, 0-63 for 10-bit
B53: inf_scan | C53: 2 | D53: Scan order for coefficient coding:（hevc intra4和intra8三种扫描顺序，其他均为0） 0: up-right 1: horizontal 2: vertical
B54: inf_blk_x | C54: 4 | D54: TU block x coordinate ,4-pix unit
B55: inf_blk_y | C55: 4 | D55: TU block y coordinate ,4-pix unit
B56: inf_blk_mode | C56: 2 | D56: FME/M0/M1/M2;(TQITQ自己不使用，透传给pmf使用)intra、pmf复用
B57: inf_pu_size | C57: 2 | D57: 0：size 1：size*2 2：size*4 H264 TQITQ4 ：0 ：4，1：8，2：16 H264 TQITQ8 ：0：8，1：16 H265 TQITQ4： 0：4，1：8
B58: inf_rdo_type | C58: 1 | D58: intra block:0, inter block:1
B59: inf_comp | C59: 2 | D59: 0：luma 1：chroma-u 2：chroma-v
B60: inf_transform_skip | C60: 1 | D60: 0：disable 1：enable ，fdct，idct bypass intra 2个TQITQ4，一个做transform==0；一个做transform==1； pmf用一套TQITQ4，intra4*4分2个cycle传同样的数据，transform一个为0，一个为1；inter8*8 拆成独立的4x4，4个skip=0的4x4和4个skip=1的4x4， 每个4x4给对应的bits和dist，pmf自己做累加；
B61: last | C61: 1 | D61: 与最后数据信号同cycle，对于intra来说整个pu结束给last；对于pmf，inter8*8每个4x4给，luma：inter64每个32给，chroma32每个16给
A63: tqitq2pmf_bd_t | B63: bits_data | C63: T_RDO_RESBITS | D63: The number of bits estimated for the residual [T_RDO_RESBITS-1:0] bits
B64: bits_ncoeffs | C64: T_RDO_NCOEFFS | D64: The number of coefficients that was not quantized to zero [T_RDO_NCOEFFS-1:0] ncoeff
B65: dist_data | C65: T_RDO_DIST | D65: The distortion calculated for the block [T_RDO_DIST-1:0] dist
B66: zdist_data | C66: T_RDO_DIST | D66: The distortion calculated for the block with all zero residual [T_RDO_DIST-1:0] zdist
B67: bits_blk_x | C67: 4 | D67: 同上
B68: bits_blk_y | C68: 4 | D68: 同上
B69: bits_pu_size | C69: 2 | D69: 同上
B70: inf_blk_mode | C70: 2 | D70: 同上
B71: bits_rdo_type | C71: 1 | D71: 同上
B72: bits_comp | C72: 2 | D72: 同上
B73: bits_transform_skip | C73: 1 | D73: 同上
A75: fme2pmf_fmv_t | B75: inf_blk_x | C75: 4
B76: inf_blk_y | C76: 4
B77: l1_mvdy | C77: 16
B78: l1_mvdx | C78: 16
B79: l0_mvdy | C79: 16
B80: l0_mvdx | C80: 16
A94: cu | B94: 通道 | C94: 行为
A95: 8x8 | B95: 8 | C95: H265: 8x2 ； H264: 2x8
A96: 16x16 | B96: 16 | C96: H265: 16x1 ； H264: 2x8;具体见TQITQ 接口行为
A97: 32x32 | B97: 32 | C97: H265: 16x1 ；
A98: 64x64 | B98: 64 | C98: H265: 16x1 ；

Sheet interface
A1: 接口
M2: 112x112 | N2: 16x1 pixel
A3: 类型 | B3: name | C3: direction | D3: width | E3: note | N3: 0 | O3: 1 | P3: 2 | Q3: 3 | R3: 4 | S3: 5 | T3: 6 | U3: no data
A4: normal | B4: clk | C4: in | D4: 1 | M4: 0 | N4: 0 | O4: 0 | P4: 0 | Q4: 0 | R4: 112 | S4: 112 | T4: 112 | U4: 112
B5: aresetn | C5: in | D5: 1 | M5: 1 | N5: 1 | O5: 1 | P5: 1 | Q5: 1 | R5: 113 | S5: 113 | T5: 113 | U5: 113
M6: 2 | N6: 2 | O6: 2 | P6: 2 | Q6: 2 | R6: 114 | S6: 114 | T6: 114 | U6: 114
A7: vctrl | B7: vctrl2pmf_ctu_start | C7: in | D7: 1 | E7: start must wait for end=1; | M7: 3 | N7: 3 | O7: 3 | P7: 3 | Q7: 3 | R7: 115 | S7: 115 | T7: 115 | U7: 115
B8: pmf2vctrl_ctu_end | C8: out | D8: 1 | M8: 4 | N8: 4 | O8: 4 | P8: 4 | Q8: 4 | R8: 116 | S8: 116 | T8: 116 | U8: 116
B9: vctrl2pmf_info | C9: in | D9: vctrl2pmf_info_t | M9: 5 | N9: 5 | O9: 5 | P9: 5 | Q9: 5 | R9: 117 | S9: 117 | T9: 117 | U9: 117
A10: mvp | B10: pmf2mvp_mmvp_req | C10: out | D10: 1 | M10: 6 | N10: 6 | O10: 6 | P10: 6 | Q10: 6 | R10: 118 | S10: 118 | T10: 118 | U10: 118
B11: pmf2mvp_mmvp_req_info | C11: out | D11: pmf2mvp_req_t | M11: 7 | N11: 7 | O11: 7 | P11: 7 | Q11: 7 | R11: 119 | S11: 119 | T11: 119 | U11: 119
B12: pmf2mvp_mmvp_ack | C12: in | D12: 1 | M12: 8 | N12: 8 | O12: 8 | P12: 8 | Q12: 8 | R12: 120 | S12: 120 | T12: 120 | U12: 120
B13: mvp2pmf_mmvp_ack_info | C13: in | D13: 2x mvp2pmf_ack | M13: 9 | N13: 9 | O13: 9 | P13: 9 | Q13: 9 | R13: 121 | S13: 121 | T13: 121 | U13: 121
B14: pmf2mvp_amvp_req | C14: out | D14: 1 | M14: 10 | N14: 10 | O14: 10 | P14: 10 | Q14: 10 | R14: 122 | S14: 122 | T14: 122 | U14: 122
B15: pmf2mvp_amvp_req_info | C15: out | D15: pmf2mvp_req_t | M15: 11 | N15: 11 | O15: 11 | P15: 11 | Q15: 11 | R15: 123 | S15: 123 | T15: 123 | U15: 123
B16: mvp2pmf_amvp_ack | C16: in | D16: 1 | M16: 12 | N16: 12 | O16: 12 | P16: 12 | Q16: 12 | R16: 124 | S16: 124 | T16: 124 | U16: 124
B17: mvp2pmf_amvp_ack_info | C17: in | D17: 2x mvp2pmf_ack | M17: 13 | N17: 13 | O17: 13 | P17: 13 | Q17: 13 | R17: 125 | S17: 125 | T17: 125 | U17: 125
B18: pmf2mvp_pk_valid | C18: out | D18: 1 | M18: 14 | N18: 14 | O18: 14 | P18: 14 | Q18: 14 | R18: 126 | S18: 126 | T18: 126 | U18: 126
B19: pmf2mvp_pk | C19: out | D19: pmf2mvp_pk_t | E19: H264 only, 反馈inter 8x8 pk 结果。 | M19: 15 | N19: 15 | O19: 15 | P19: 15 | Q19: 15 | R19: 127 | S19: 127 | T19: 127 | U19: 127
A20: SEL | B20: pmf2sel_pk_valid | C20: out | D20: 1 | M20: …
B21: pmf2sel_pk | C21: out | D21: 1x pmf2sel_pk_t | M21: …
B22: pmf2sel_pred_valid | C22: out | D22: 5 | E22: 0/1/2/3/4-》 4/8/16/32/64(blk size) | M22: 108 | N22: 108 | O22: 108 | P22: 108 | Q22: 108 | R22: 220 | S22: 220 | T22: 220 | U22: 220
B23: pmf2sel_pred_ready | C23: in | D23: 5 | M23: 109 | N23: 109 | O23: 109 | P23: 109 | Q23: 109 | R23: 221 | S23: 221 | T23: 221 | U23: 221
B24: pmf2sel_pred_data | C24: out | D24: 5x [15:0][9:0] | M24: 110 | N24: 110 | O24: 110 | P24: 110 | Q24: 110 | R24: 222 | S24: 222 | T24: 222 | U24: 222
B25: pmf2sel_pred_info | C25: out | D25: 5x pmf2sel_pred_t | M25: 111 | N25: 111 | O25: 111 | P25: 111 | Q25: 111 | R25: 223 | S25: 223 | T25: 223 | U25: 223
A26: TQITQ | B26: pmf2tqitq_res_valid | C26: out | D26: 5 | E26: 0/1/2/3/4-》 4/4/8/16/32
B27: pmf2tqitq_res_ready | C27: in | D27: 5
B28: pmf2tqitq_res_data | C28: out | D28: 5x [15:0][9:0]
B29: pmf2tqitq_res_info | C29: out | D29: 5x pmf2tqitq_res_t
B30: pmf2tqitq_res_id | C30: out | D30: [1:0][2:0] | E30: res mux id with intra ；0 for 16x16； 1 for 32x32
B31: tqitq2pmf_bd_valid | C31: in | D31: 5 | E31: 0/1/2/3/4-》 4/4/8/16/32
B32: tqitq2pmf_bd | C32: in | D32: 5x tqitq2pmf_bd
A33: FME | B33: fme2pmf_fmv_valid | C33: in | D33: 4 | E33: 0,1,2,3-》 8/16/32/64
B34: pmf2fme_fmv_ready | C34: out | D34: 4
B35: fme2pmf_fmv | C35: in | D35: 4x fme2pmf_fmv
A36: INTRA | B36: intra2pmf_src_req | C36: in | D36: 1
B37: intra2pmf_src_req_pos | C37: in | D37: 4 | E37: 16pixel blk z_scan order in 16x16
B38: intra2pmf_src_req_type | C38: in | D38: 3 | E38: 0: 4x1x4(h265)； 1:8x2; 2:16x1; 3: not used; 4:2x8(264); 5:1x4x4(264)
B39: pmf2intra_src_ack | C39: out | D39: 1 | E39: if data ready;set 1;
B40: pmf2intra_src_ack_data | C40: out | D40: [15:0][9:0]
B41: intra2pmf_src_last | C41: in | D41: 1 | E41: intra use 16x16 done;(只有有效块需要发）
B42: pmf2intra_src_sync_mbx | C42: out | D42: 2 | E42: 16x16 blk pos x in CTU;(update when loading done) 只loading 有效数据（边界外跳过）
B43: pmf2intra_src_sync_mby | C43: out | D43: 2 | E43: 16x16 blk pos y in CTU;(update when loading done) 只loading 有效数据（边界外跳过）
A44: REF_RAM | B44: ref_pixel_y_csn | C44: out | D44: [1:0][1:0][3:0]
B45: ref_pixel_y_wen | C45: out | D45: [1:0][1:0][3:0]
B46: ref_pixel_y_addr | C46: out | D46: [1:0][1:0][3:0][7:0]
B47: ref_pixel_y_wdata | C47: out | D47: [1:0][1:0][3:0][15:0][9:0]
B48: ref_pixel_y_rdata | C48: in | D48: [1:0][1:0][3:0][15:0][9:0]
B49: ref_pixel_uv_csn | C49: out | D49: [1:0][1:0][3:0]
B50: ref_pixel_uv_wen | C50: out | D50: [1:0][1:0][3:0]
B51: ref_pixel_uv_addr | C51: out | D51: [1:0][1:0][3:0][7:0]
B52: ref_pixel_uv_wdata | C52: out | D52: [1:0][1:0][3:0][7:0][9:0]
B53: ref_pixel_uv_rdata | C53: in | D53: [1:0][1:0][3:0][7:0][9:0]
A54: SRC_RAM | B54: src_pixel_y_csn | C54: out
B55: src_pixel_y_wen | C55: out
B56: src_pixel_y_addr | C56: out | D56: [7:0]
B57: src_pixel_y_wdata | C57: out | D57: [15:0][9:0]
B58: src_pixel_y_rdata | C58: in | D58: [15:0][9:0]
B59: src_pixel_uv_csn | C59: out
B60: src_pixel_uv_wen | C60: out
B61: src_pixel_uv_addr | C61: out | D61: [7:0]
B62: src_pixel_uv_wdata | C62: out | D62: [7:0][9:0]
B63: src_pixel_uv_rdata | C63: in | D63: [7:0][9:0]
A64: BUF_RAM | B64: 待定

Sheet job
A1: codec | B1: color | C1: cu_size | D1: mode | E1: tu_size | F1: RDO | G1: TS | H1: CU_SKIP | I1: comment
A2: H265 | B2: Y | C2: 8x8 | D2: M0 | E2: 4x4 | F2: 4 | G2: 4 | H2: 0 | I2: 需要在pmf中先做TS PK, 再做4个bit/dist 的累加
D3: M0 | E3: 8x8 | F3: 1 | G3: 0 | H3: 1
D4: M1 | E4: 4x4 | F4: 4 | G4: 4 | H4: 0 | I4: 需要在pmf中先做TS PK, 再做4个bit/dist 的累加
D5: M1 | E5: 8x8 | F5: 1 | G5: 0 | H5: 1
D6: M2 | E6: 4x4 | F6: 4 | G6: 4 | H6: 0 | I6: 需要在pmf中先做TS PK, 再做4个bit/dist 的累加
D7: M2 | E7: 8x8 | F7: 1 | G7: 0 | H7: 1
D8: F | E8: 4x4 | F8: 4 | G8: 4 | H8: 0 | I8: 需要在pmf中先做TS PK, 再做4个bit/dist 的累加
D9: F | E9: 8x8 | F9: 1 | G9: 0 | H9: 0
C10: 16x16 | D10: M0 | E10: 16x16 | F10: 1 | G10: 0 | H10: 1
D11: M1 | E11: 16x16 | F11: 1 | G11: 0 | H11: 1
D12: F | E12: 16x16 | F12: 1 | G12: 0 | H12: 0
C13: 32X32 | D13: M0 | E13: 32x32 | F13: 1 | G13: 0 | H13: 1
C14: 32X32 | D14: M1 | E14: 32x32 | F14: 1 | G14: 0 | H14: 1
C15: 32X32 | D15: F | E15: 32x32 | F15: 1 | G15: 0 | H15: 0
C16: 64x64 | D16: M0 | E16: 32x32 | F16: 4 | G16: 0 | H16: 4 | I16: 需要在pmf中做4个bit/dist 的累加
D17: F | E17: 32x32 | F17: 4 | G17: 0 | H17: 0 | I17: 需要在pmf中做4个bit/dist 的累加
B18: UV | C18: 4x4 | D18: M0 | E18: 4x4 | F18: 1 | G18: 1 | H18: 1
C19: 4x4 | D19: M1 | E19: 4x4 | F19: 1 | G19: 1 | H19: 1
C20: 4x4 | D20: M2 | E20: 4x4 | F20: 1 | G20: 1 | H20: 1
C21: 4x4 | D21: F | E21: 4x4 | F21: 1 | G21: 1 | H21: 0
C22: 8x8 | D22: M0 | E22: 8x8 | F22: 1 | G22: 0 | H22: 1
C23: 8x8 | D23: M1 | E23: 8x8 | F23: 1 | G23: 0 | H23: 1
C24: 8x8 | D24: F | E24: 8x8 | F24: 1 | G24: 0 | H24: 0
C25: 16x16 | D25: M0 | E25: 16x16 | F25: 1 | G25: 0 | H25: 1
C26: 16x16 | D26: M1 | E26: 16x16 | F26: 1 | G26: 0 | H26: 1
C27: 16x16 | D27: F | E27: 16x16 | F27: 1 | G27: 0 | H27: 0
C28: 32x32 | D28: M0 | E28: 16x16 | F28: 4 | G28: 0 | H28: 1 | I28: 需要在pmf中做4个bit/dist 的累加
C29: 32x32 | D29: F | E29: 16x16 | F29: 4 | G29: 0 | H29: 0 | I29: 需要在pmf中做4个bit/dist 的累加
A30: H264 | B30: Y | C30: 8x8 | D30: M0 （B) | E30: 4x4 | F30: 1 | G30: 0 | H30: 1 | I30: TQITQ 算出cu 的结果
C31: 8x8 | D31: F | E31: 4x4 | F31: 1 | G31: 0 | H31: 0 | I31: TQITQ 算出cu 的结果
C32: 16x16 | D32: M0 （B) | E32: 4x4 | F32: 1 | G32: 0 | H32: 0 | I32: TQITQ 算出cu 的结果
C33: 16x17 | E33: 8x8 | F33: 1 | G33: 0 | H33: 1 | I33: TQITQ 算出cu 的结果
C34: 16x16 | D34: F | E34: 4x4 | F34: 1 | G34: 0 | H34: 0 | I34: TQITQ 算出cu 的结果
C35: 16x17 | E35: 8x8 | F35: 1 | G35: 0 | H35: 0 | I35: TQITQ 算出cu 的结果
B36: UV | C36: 4x4 | D36: M0 （B) | E36: 4x4 | F36: 1 | G36: 0 | H36: 1 | I36: TQITQ 算出MB 的结果
C37: 8x8 | D37: F | E37: 4x4 | F37: 1 | G37: 0 | H37: 0 | I37: TQITQ 算出MB 的结果
C38: 8x8 | D38: M0 | E38: 4x4 | F38: 1 | G38: 0 | H38: 1 | I38: TQITQ 算出cu 的结果
C39: 8x8 | D39: F | E39: 4x4 | F39: 1 | G39: 0 | H39: 0 | I39: TQITQ 算出cu 的结果
A40: JPEG | B40: 420 Y | C40: 16x16 | E40: 8x8 | F40: 4 | I40: 数据搬运
B41: 420 U | C41: 8x8 | E41: 8x8 | F41: 1 | I41: 数据搬运
B42: 420 V | C42: 8x8 | E42: 8x8 | F42: 1 | I42: 数据搬运
B43: 422 Y | C43: 16x16 | E43: 8x8 | F43: 4 | I43: 数据搬运
B44: 422 U | C44: 8x16 | E44: 8x8 | F44: 2 | I44: 数据搬运
B45: 422 V | C45: 8x16 | E45: 8x8 | F45: 2 | I45: 数据搬运

Sheet output format
A1: H265 | AC1: H264
A2: Y | H2: 4x4 channel | O2: UV | AC2: Y | AN2: UV
A3: 8x8 | C3: 8x2 -0 | H3: 4x4 -0 | J3: 1 | O3: 4x4 | Q3: 4x4 U | AC3: 8x8 | AE3: 凑4笔输出 4x4 channel
AE4: 4x4 -0 | AG4: 1 | AN4: 4x4 -0
C5: 1
Q6: 4x4 V
C7: 2 | H7: 2 | J7: 3
AE8: 2 | AG8: 3
A12: Y | O12: UV
A13: 16x16 | C13: 16x1 -0 | O13: 8x8 | Q13: U 8x1 -0 | V13: V 8x1 -0 | AC13: 16x16 | AE13: 8x8 channel | AN13: 4x4 channel | AX13: UV
C14: 1 | Q14: 1 | V14: 1 | AE14: 0 | AI14: 2 | AN14: 0 | AP14: 1 | AR14: 8 | AT14: 9 | AX14: 8x8 | AY14: 4x4 -0 | BA14: 1
Q15: 2 | V15: 2
Q16: 3 | V16: 3 | AN16: 2 | AP16: 3 | AR16: 10 | AT16: 11
AE18: 1 | AI18: 3 | AN18: 4 | AP18: 5 | AR18: 12 | AT18: 13 | AY18: 2 | BA18: 3
C20: 15 | Q20: 15 | V20: 15 | AN20: 6 | AP20: 7 | AR20: 14 | AT20: 15
A22: Y | O22: UV
A23: 32x32 | C23: 原始插值顺序 | O23: 16x16 | Q23: 原始插值顺序
C24: 16x1 -0 | G24: 16x1 -32 | Q24: 8x1 -0 | U24: 8x1 -16
C25: 1 | Q25: 1
C26: 2 | Q26: 2
C27: 3 | Q27: 3
C31: 31 | G31: 63 | Q31: 15 | U31: 31
C33: 重组输出顺序 | Q33: 重组输出顺序
C34: 16x1 -0 | G34: 16x1 -1 | Q34: 16x1 -0
C35: 2 | G35: 3 | Q35: 1
C41: 62 | G41: 63 | Q41: 15
A46: Y | O46: UV
A47: 64x64 | C47: 以4个独立的 32x32 计算 | O47: 32x32 | Q47: 以4个独立的16x16 计算
D51: 0 | H51: 1 | P51: 0 | T51: 1
D58: 2 | H58: 3 | P58: 2 | T58: 3

Sheet 264PMF Y c0 round0
A1: tile | B1: 264PMF c0 round0 | I1: =v0!K75 -> H264 | J1: =v0!L75 -> 0 | K1: =v0!M75 -> 0 | L1: =v0!N75 -> 0 | M1: =v0!O75 -> 0 | N1: =v0!P75 -> 0 | O1: =v0!Q75 -> 0 | P1: =v0!R75 -> 0
A2: x | B2: CYCLE | I2: =v0!K76 -> inter pk in | J2: =v0!L76 -> inter pk work | K2: =v0!M76 -> inter pk out | L2: =v0!N76 -> 0 | M2: =v0!O76 -> 0 | N2: =v0!P76 -> tqitq16x16 input | O2: =v0!Q76 -> tqitq work | P2: =v0!R76 -> tqitq out
A3: y | B3: MODE | I3: =v0!K77 -> 1 | J3: =v0!L77 -> 1 | K3: =v0!M77 -> 3 | L3: =v0!N77 -> 0 | M3: =v0!O77 -> 0 | N3: =v0!P77 -> 0 | O3: =v0!Q77 -> 0 | P3: =v0!R77 -> 0
A4: mode | B4: pipe begin | C4: input begin | D4: input end | E4: output begin | F4: output end | I4: =v0!K78 -> sel pk in | J4: =v0!L78 -> sel pk work | K4: =v0!M78 -> sel pk out | L4: =v0!N78 -> 0 | M4: =v0!O78 -> 0 | N4: =v0!P78 -> tqitq8x8 input | O4: =v0!Q78 -> tqitq work | P4: =v0!R78 -> tqitq out
A5: PMF_8M4_0 | B5: 0 | C5: =B5+I$11 -> 2 | D5: =C5+J$11 -> 15 | E5: =D5+K$11 -> 23 | F5: =E5+L$11 -> 27 | I5: =v0!K79 -> 0 | J5: =v0!L79 -> 0 | K5: =v0!M79 -> 0 | L5: =v0!N79 -> 0 | M5: =v0!O79 -> 0 | N5: =v0!P79 -> 0 | O5: =v0!Q79 -> 12 | P5: =v0!R79 -> 0
A6: PMF_8F4_0 | B6: =D5-2 -> 13 | C6: =B6+I$11 -> 15 | D6: =C6+J$11 -> 28 | E6: =D6+K$11 -> 36 | F6: =E6+L$11 -> 40 | I6: =v0!K80 -> Yread latancy | J6: =v0!L80 -> 32x32 input cc | K6: =v0!M80 -> 32x32 work cc | L6: =v0!N80 -> 32x32 output cc | M6: =v0!O80 -> 0 | N6: =v0!P80 -> tqitq4x4 input | O6: =v0!Q80 -> tqitq work | P6: =v0!R80 -> tqitq out
A7: TQITQ_F4 | C7: =F6 -> 40 | D7: =C7+N$5 -> 40 | E7: =D7+O$5 -> 52 | F7: =E7+P$5 -> 52 | I7: =v0!K81 -> 0 | J7: =v0!L81 -> 0 | K7: =v0!M81 -> 0 | L7: =v0!N81 -> 0 | M7: =v0!O81 -> 0 | O7: =v0!Q81 -> 12 | P7: =v0!R81 -> 0
A8: INTER_PK8 | C8: =F7 -> 52 | D8: =C8+I$3 -> 53 | E8: =D8+J$3 -> 54 | F8: =E8+K$3 -> 57 | I8: =v0!K82 -> Yread latancy | J8: =v0!L82 -> 16x16 input cc | K8: =v0!M82 -> 16x16 work cc | L8: =v0!N82 -> 16x16 output cc | M8: =v0!O82 -> 0 | N8: =v0!P82 -> chroma | O8: =v0!Q82 -> 0 | P8: =v0!R82 -> 0
A9: PMF_8M4_1 | B9: =F8 -> 57 | C9: =B9+I$11 -> 59 | D9: =C9+J$11 -> 72 | E9: =D9+K$11 -> 80 | F9: =E9+L$11 -> 84 | I9: =v0!K83 -> 2 | J9: =v0!L83 -> 44 | K9: =v0!M83 -> -22 | L9: 24 | M9: =v0!O83 -> 0 | N9: =v0!P83 -> tqitq16x16 input | O9: =v0!Q83 -> tqitq work | P9: =v0!R83 -> tqitq out
A10: TQITQ_M4 | C10: =F9 -> 84 | D10: =C10+N$5 -> 84 | E10: =D10+O$5 -> 96 | F10: =E10+P$5 -> 96 | I10: =v0!K84 -> Yread latancy | J10: =v0!L84 -> 8x8 input cc | K10: =v0!M84 -> 8x8 work cc | L10: =v0!N84 -> 8x8 output cc | M10: =v0!O84 -> 0 | N10: =v0!P84 -> 0 | O10: =v0!Q84 -> 0 | P10: =v0!R84 -> 0
A11: INTER_PK8 | C11: =F10 -> 96 | D11: =C11+I$3 -> 97 | E11: =D11+J$3 -> 98 | F11: =E11+K$3 -> 101 | I11: =v0!K85 -> 2 | J11: =v0!L85 -> 13 | K11: =v0!M85 -> 8 | L11: =v0!N85 -> 4 | M11: =v0!O85 -> 0 | N11: =v0!P85 -> tqitq8x8 input | O11: =v0!Q85 -> tqitq work | P11: =v0!R85 -> tqitq out
A12: PMF_8M4_2 | B12: =F11 -> 101 | C12: =B12+I$11 -> 103 | D12: =C12+J$11 -> 116 | E12: =D12+K$11 -> 124 | F12: =E12+L$11 -> 128 | I12: =v0!K86 -> Yread latancy | J12: =v0!L86 -> 4x4 input cc | K12: =v0!M86 -> 4x4 work cc | L12: =v0!N86 -> 4x4 output cc | M12: =v0!O86 -> 0 | N12: =v0!P86 -> 0 | O12: =v0!Q86 -> 0 | P12: =v0!R86 -> 0
A13: TQITQ_M4 | C13: =F12 -> 128 | D13: =C13+N$5 -> 128 | E13: =D13+O$5 -> 140 | F13: =E13+P$5 -> 140 | I13: =v0!K87 -> 0 | J13: =v0!L87 -> 0 | K13: =v0!M87 -> 0 | L13: =v0!N87 -> 0 | M13: =v0!O87 -> 0 | N13: =v0!P87 -> tqitq4x4 input | O13: =v0!Q87 -> tqitq work | P13: =v0!R87 -> tqitq out
A14: INTER_PK8 | C14: =F13 -> 140 | D14: =C14+I$3 -> 141 | E14: =D14+J$3 -> 142 | F14: =E14+K$3 -> 145 | I14: =v0!K88 -> UVread latancy | J14: =v0!L88 -> 16x16 input cc | K14: =v0!M88 -> 16x16 work cc | L14: =v0!N88 -> 16x16 output cc | M14: =v0!O88 -> 0 | N14: =v0!P88 -> 0 | O14: =v0!Q88 -> 12 | P14: =v0!R88 -> 1
A15: PMF_8M4_3 | B15: =F14 -> 145 | C15: =B15+I$11 -> 147 | D15: =C15+J$11 -> 160 | E15: =D15+K$11 -> 168 | F15: =E15+L$11 -> 172 | I15: =v0!K89 -> 0 | J15: =v0!L89 -> 0 | K15: =v0!M89 -> 0 | L15: =v0!N89 -> 0 | M15: =v0!O89 -> 0 | N15: =v0!P89 -> 0 | O15: =v0!Q89 -> 0 | P15: =v0!R89 -> 0
A16: TQITQ_M4 | C16: =F15 -> 172 | D16: =C16+N$5 -> 172 | E16: =D16+O$5 -> 184 | F16: =E16+P$5 -> 184 | I16: =v0!K90 -> UVread latancy | J16: =v0!L90 -> 8x8 input cc | K16: =v0!M90 -> 8x8 work cc | L16: =v0!N90 -> 8x8 output cc | M16: =v0!O90 -> 0 | N16: =v0!P90 -> 0 | O16: =v0!Q90 -> 0 | P16: =v0!R90 -> 0
A17: INTER_PK8 | C17: =F16 -> 184 | D17: =C17+I$3 -> 185 | E17: =D17+J$3 -> 186 | F17: =E17+K$3 -> 189 | I17: =v0!K91 -> 2 | J17: =v0!L91 -> 26 | K17: =v0!M91 -> -8 | L17: =v0!N91 -> 8 | M17: =v0!O91 -> 0 | N17: =v0!P91 -> 0 | O17: =v0!Q91 -> 0 | P17: =v0!R91 -> 0
A18: PMF_8F4_1 | B18: =B9-J$11 -> 44 | C18: =B18+I$11 -> 46 | D18: =C18+J$11 -> 59 | E18: =D18+K$11 -> 67 | F18: =E18+L$11 -> 71 | I18: =v0!K92 -> UVread latancy | J18: =v0!L92 -> 4x4 input cc | K18: =v0!M92 -> 4x4 work cc | L18: =v0!N92 -> 4x4 output cc | M18: =v0!O92 -> 0 | N18: =v0!P92 -> 0 | O18: =v0!Q92 -> 0 | P18: =v0!R92 -> 0
A19: PMF_8F4_2 | B19: =B12-J$11 -> 88 | C19: =B19+I$11 -> 90 | D19: =C19+J$11 -> 103 | E19: =D19+K$11 -> 111 | F19: =E19+L$11 -> 115 | I19: =v0!K93 -> 2 | J19: =v0!L93 -> 6 | K19: =v0!M93 -> 8 | L19: =v0!N93 -> 2 | M19: =v0!O93 -> 0 | N19: =v0!P93 -> 0 | O19: =v0!Q93 -> 0 | P19: =v0!R93 -> 0
A20: PMF_8F4_3 | B20: =B15-J$11 -> 132 | C20: =B20+I$11 -> 134 | D20: =C20+J$11 -> 147 | E20: =D20+K$11 -> 155 | F20: =E20+L$11 -> 159 | I20: =v0!K94 -> 0 | J20: =v0!L94 -> 0 | K20: =v0!M94 -> 0 | L20: =v0!N94 -> 0 | M20: =v0!O94 -> 0 | N20: =v0!P94 -> 0 | O20: =v0!Q94 -> 0 | P20: =v0!R94 -> 0
I21: =v0!K101 -> 0 | J21: =v0!L101 -> 0 | K21: =v0!M101 -> 0 | L21: =v0!N101 -> 0 | M21: =v0!O101 -> 0 | N21: =v0!P101 -> 0 | O21: =v0!Q101 -> 0 | P21: =v0!R101 -> 0
I22: =v0!K102 -> 0 | J22: =v0!L102 -> 0 | K22: =v0!M102 -> 0 | L22: =v0!N102 -> 0 | M22: =v0!O102 -> 0 | N22: =v0!P102 -> 0 | O22: =v0!Q102 -> 0 | P22: =v0!R102 -> 0
I23: =v0!K103 -> 0 | J23: =v0!L103 -> 0 | K23: =v0!M103 -> 0 | L23: =v0!N103 -> 0 | M23: =v0!O103 -> 0 | N23: =v0!P103 -> 0 | O23: =v0!Q103 -> 0 | P23: =v0!R103 -> 0
I24: =v0!K104 -> 0 | J24: =v0!L104 -> 0 | K24: =v0!M104 -> 0 | L24: =v0!N104 -> 0 | M24: =v0!O104 -> 0 | N24: =v0!P104 -> 0 | O24: =v0!Q104 -> 0 | P24: =v0!R104 -> 0
I25: =v0!K105 -> 0 | J25: =v0!L105 -> 0 | K25: =v0!M105 -> 0 | L25: =v0!N105 -> 0 | M25: =v0!O105 -> 0 | N25: =v0!P105 -> 0 | O25: =v0!Q105 -> 0 | P25: =v0!R105 -> 0
I26: =v0!K106 -> 0 | J26: =v0!L106 -> 0 | K26: =v0!M106 -> 0 | L26: =v0!N106 -> 0 | M26: =v0!O106 -> 0 | N26: =v0!P106 -> 0 | O26: =v0!Q106 -> 0 | P26: =v0!R106 -> 0

Sheet 264PMF Y c1 round0
A1: tile | B1: 264PMF c1 round0 | I1: =v0!K75 -> H264 | J1: =v0!L75 -> 0 | K1: =v0!M75 -> 0 | L1: =v0!N75 -> 0 | M1: =v0!O75 -> 0 | N1: =v0!P75 -> 0 | O1: =v0!Q75 -> 0 | P1: =v0!R75 -> 0
A2: x | B2: CYCLE | I2: =v0!K76 -> inter pk in | J2: =v0!L76 -> inter pk work | K2: =v0!M76 -> inter pk out | L2: =v0!N76 -> 0 | M2: =v0!O76 -> 0 | N2: =v0!P76 -> tqitq16x16 input | O2: =v0!Q76 -> tqitq work | P2: =v0!R76 -> tqitq out
A3: y | B3: MODE | I3: =v0!K77 -> 1 | J3: =v0!L77 -> 1 | K3: =v0!M77 -> 3 | L3: =v0!N77 -> 0 | M3: =v0!O77 -> 0 | N3: =v0!P77 -> 0 | O3: =v0!Q77 -> 0 | P3: =v0!R77 -> 0
A4: mode | B4: pipe begin | C4: input begin | D4: input end | E4: output begin | F4: output end | I4: =v0!K78 -> sel pk in | J4: =v0!L78 -> sel pk work | K4: =v0!M78 -> sel pk out | L4: =v0!N78 -> 0 | M4: =v0!O78 -> 0 | N4: =v0!P78 -> tqitq8x8 input | O4: =v0!Q78 -> tqitq work | P4: =v0!R78 -> tqitq out
A5: PMF_M16 | B5: 14 | C5: =B5+I9 -> 16 | D5: =C5+J9 -> 60 | E5: =D5+K9+2 -> 40 | I5: =v0!K79 -> 0 | J5: =v0!L79 -> 0 | K5: =v0!M79 -> 0 | L5: =v0!N79 -> 0 | M5: =v0!O79 -> 0 | N5: =v0!P79 -> 0 | O5: =v0!Q79 -> 12 | P5: =v0!R79 -> 0
A6: PMF_F16 | B6: =D5-2+6 -> 64 | C6: =B6+I9 -> 66 | D6: =C6+J9 -> 110 | E6: =D6+K9 -> 88 | I6: =v0!K80 -> Yread latancy | J6: =v0!L80 -> 32x32 input cc | K6: =v0!M80 -> 32x32 work cc | L6: =v0!N80 -> 32x32 output cc | M6: =v0!O80 -> 0 | N6: =v0!P80 -> tqitq4x4 input | O6: =v0!Q80 -> tqitq work | P6: =v0!R80 -> tqitq out
A7: PMF_16M8_0 | E7: =E5 -> 40 | F7: =E7+L$11 -> 44 | I7: =v0!K81 -> 0 | J7: =v0!L81 -> 0 | K7: =v0!M81 -> 0 | L7: =v0!N81 -> 0 | M7: =v0!O81 -> 0 | N7: =v0!P81 -> 0 | O7: =v0!Q81 -> 12 | P7: =v0!R81 -> 0
A8: PMF_16M8_1 | E8: =F7 -> 44 | F8: =E8+L$11 -> 48 | I8: =v0!K82 -> Yread latancy | J8: =v0!L82 -> 16x16 input cc | K8: =v0!M82 -> 16x16 work cc | L8: =v0!N82 -> 16x16 output cc | M8: =v0!O82 -> 0 | N8: =v0!P82 -> chroma | O8: =v0!Q82 -> 0 | P8: =v0!R82 -> 0
A9: PMF_16M8_2 | E9: =F8 -> 48 | F9: =E9+L$11 -> 52 | I9: =v0!K83 -> 2 | J9: =v0!L83 -> 44 | K9: =v0!M83 -> -22 | L9: =v0!N83 -> 32 | M9: =v0!O83 -> 0 | N9: =v0!P83 -> tqitq16x16 input | O9: =v0!Q83 -> tqitq work | P9: =v0!R83 -> tqitq out
A10: PMF_16M8_3 | E10: =F9 -> 52 | F10: =E10+L$11+4 -> 60 | I10: =v0!K84 -> Yread latancy | J10: =v0!L84 -> 8x8 input cc | K10: =v0!M84 -> 8x8 work cc | L10: =v0!N84 -> 8x8 output cc | M10: =v0!O84 -> 0 | N10: =v0!P84 -> 0 | O10: =v0!Q84 -> 0 | P10: =v0!R84 -> 0
A11: PMF_16F8_0 | E11: =E6 -> 88 | F11: =E11+L$11 -> 92 | I11: =v0!K85 -> 2 | J11: =v0!L85 -> 13 | K11: =v0!M85 -> 8 | L11: =v0!N85 -> 4 | M11: =v0!O85 -> 0 | N11: =v0!P85 -> tqitq8x8 input | O11: =v0!Q85 -> tqitq work | P11: =v0!R85 -> tqitq out
A12: PMF_16F8_1 | E12: =F11 -> 92 | F12: =E12+L$11 -> 96 | I12: =v0!K86 -> Yread latancy | J12: =v0!L86 -> 4x4 input cc | K12: =v0!M86 -> 4x4 work cc | L12: =v0!N86 -> 4x4 output cc | M12: =v0!O86 -> 0 | N12: =v0!P86 -> 0 | O12: =v0!Q86 -> 0 | P12: =v0!R86 -> 0
A13: PMF_16F8_2 | E13: =F12 -> 96 | F13: =E13+L$11 -> 100 | I13: =v0!K87 -> 0 | J13: =v0!L87 -> 0 | K13: =v0!M87 -> 0 | L13: =v0!N87 -> 0 | M13: =v0!O87 -> 0 | N13: =v0!P87 -> tqitq4x4 input | O13: =v0!Q87 -> tqitq work | P13: =v0!R87 -> tqitq out
A14: PMF_16F8_3 | E14: =F13 -> 100 | F14: =E14+L$11+4 -> 108 | I14: =v0!K88 -> UVread latancy | J14: =v0!L88 -> 16x16 input cc | K14: =v0!M88 -> 16x16 work cc | L14: =v0!N88 -> 16x16 output cc | M14: =v0!O88 -> 0 | N14: =v0!P88 -> 0 | O14: =v0!Q88 -> 12 | P14: =v0!R88 -> 1
A15: PMF_16M4_0 | E15: =E7+1 -> 41 | F15: =F7+1 -> 45 | I15: =v0!K89 -> 0 | J15: =v0!L89 -> 0 | K15: =v0!M89 -> 0 | L15: =v0!N89 -> 0 | M15: =v0!O89 -> 0 | N15: =v0!P89 -> 0 | O15: =v0!Q89 -> 0 | P15: =v0!R89 -> 0
A16: PMF_16M4_1 | E16: =E8+1 -> 45 | F16: =F8+1 -> 49 | I16: =v0!K90 -> UVread latancy | J16: =v0!L90 -> 8x8 input cc | K16: =v0!M90 -> 8x8 work cc | L16: =v0!N90 -> 8x8 output cc | M16: =v0!O90 -> 0 | N16: =v0!P90 -> 0 | O16: =v0!Q90 -> 0 | P16: =v0!R90 -> 0
A17: PMF_16M4_2 | E17: =E9+1 -> 49 | F17: =F9+1 -> 53 | I17: =v0!K91 -> 2 | J17: =v0!L91 -> 26 | K17: =v0!M91 -> -8 | L17: =v0!N91 -> 8 | M17: =v0!O91 -> 0 | N17: =v0!P91 -> 0 | O17: =v0!Q91 -> 0 | P17: =v0!R91 -> 0
A18: PMF_16M4_3 | E18: =E10+1 -> 53 | F18: =F10+1 -> 61 | I18: =v0!K92 -> UVread latancy | J18: =v0!L92 -> 4x4 input cc | K18: =v0!M92 -> 4x4 work cc | L18: =v0!N92 -> 4x4 output cc | M18: =v0!O92 -> 0 | N18: =v0!P92 -> 0 | O18: =v0!Q92 -> 0 | P18: =v0!R92 -> 0
A19: PMF_16F4_0 | E19: =E11+1 -> 89 | F19: =F11+1 -> 93 | I19: =v0!K93 -> 2 | J19: =v0!L93 -> 6 | K19: =v0!M93 -> 8 | L19: =v0!N93 -> 2 | M19: =v0!O93 -> 0 | N19: =v0!P93 -> 0 | O19: =v0!Q93 -> 0 | P19: =v0!R93 -> 0
A20: PMF_16F4_1 | E20: =E12+1 -> 93 | F20: =F12+1 -> 97 | I20: =v0!K94 -> 0 | J20: =v0!L94 -> 0 | K20: =v0!M94 -> 0 | L20: =v0!N94 -> 0 | M20: =v0!O94 -> 0 | N20: =v0!P94 -> 0 | O20: =v0!Q94 -> 0 | P20: =v0!R94 -> 0
A21: PMF_16F4_2 | E21: =E13+1 -> 97 | F21: =F13+1 -> 101 | I21: =v0!K101 -> 0 | J21: =v0!L101 -> 0 | K21: =v0!M101 -> 0 | L21: =v0!N101 -> 0 | M21: =v0!O101 -> 0 | N21: =v0!P101 -> 0 | O21: =v0!Q101 -> 0 | P21: =v0!R101 -> 0
A22: PMF_16F4_3 | E22: =E14+1 -> 101 | F22: =F14+1 -> 109 | I22: =v0!K102 -> 0 | J22: =v0!L102 -> 0 | K22: =v0!M102 -> 0 | L22: =v0!N102 -> 0 | M22: =v0!O102 -> 0 | N22: =v0!P102 -> 0 | O22: =v0!Q102 -> 0 | P22: =v0!R102 -> 0
I23: =v0!K103 -> 0 | J23: =v0!L103 -> 0 | K23: =v0!M103 -> 0 | L23: =v0!N103 -> 0 | M23: =v0!O103 -> 0 | N23: =v0!P103 -> 0 | O23: =v0!Q103 -> 0 | P23: =v0!R103 -> 0
I24: =v0!K104 -> 0 | J24: =v0!L104 -> 0 | K24: =v0!M104 -> 0 | L24: =v0!N104 -> 0 | M24: =v0!O104 -> 0 | N24: =v0!P104 -> 0 | O24: =v0!Q104 -> 0 | P24: =v0!R104 -> 0
I25: =v0!K105 -> 0 | J25: =v0!L105 -> 0 | K25: =v0!M105 -> 0 | L25: =v0!N105 -> 0 | M25: =v0!O105 -> 0 | N25: =v0!P105 -> 0 | O25: =v0!Q105 -> 0 | P25: =v0!R105 -> 0
I26: =v0!K106 -> 0 | J26: =v0!L106 -> 0 | K26: =v0!M106 -> 0 | L26: =v0!N106 -> 0 | M26: =v0!O106 -> 0 | N26: =v0!P106 -> 0 | O26: =v0!Q106 -> 0 | P26: =v0!R106 -> 0

Sheet 264PMF UV c0 round0
A1: tile | B1: 264PMF UV c0 round0 | I1: =v0!K75 -> H264 | J1: =v0!L75 -> 0 | K1: =v0!M75 -> 0 | L1: =v0!N75 -> 0 | M1: =v0!O75 -> 0 | N1: =v0!P75 -> 0 | O1: =v0!Q75 -> 0 | P1: =v0!R75 -> 0
A2: x | B2: CYCLE | I2: =v0!K76 -> inter pk in | J2: =v0!L76 -> inter pk work | K2: =v0!M76 -> inter pk out | L2: =v0!N76 -> 0 | M2: =v0!O76 -> 0 | N2: =v0!P76 -> tqitq16x16 input | O2: =v0!Q76 -> tqitq work | P2: =v0!R76 -> tqitq out
A3: y | B3: MODE | I3: =v0!K77 -> 1 | J3: =v0!L77 -> 1 | K3: =v0!M77 -> 3 | L3: =v0!N77 -> 0 | M3: =v0!O77 -> 0 | N3: =v0!P77 -> 0 | O3: =v0!Q77 -> 0 | P3: =v0!R77 -> 0
A4: mode | B4: pipe begin | C4: input begin | D4: input end | E4: output begin | F4: output end | I4: =v0!K78 -> sel pk in | J4: =v0!L78 -> sel pk work | K4: =v0!M78 -> sel pk out | L4: =v0!N78 -> 0 | M4: =v0!O78 -> 0 | N4: =v0!P78 -> tqitq8x8 input | O4: =v0!Q78 -> tqitq work | P4: =v0!R78 -> tqitq out
A5: PMF_M4_0 | B5: 0 | C5: =B5+I$19 -> 2 | D5: =C5+J$19 -> 8 | E5: =D5+K$19 -> 16 | F5: =E5+L$19 -> 18 | I5: =v0!K79 -> 0 | J5: =v0!L79 -> 0 | K5: =v0!M79 -> 0 | L5: =v0!N79 -> 0 | M5: =v0!O79 -> 0 | N5: =v0!P79 -> 0 | O5: =v0!Q79 -> 12 | P5: =v0!R79 -> 0
A6: PMF_F4_0 | B6: =D5-2 -> 6 | C6: =B6+I$19 -> 8 | D6: =C6+J$19 -> 14 | E6: =D6+K$19 -> 22 | F6: =E6+L$19 -> 24 | I6: =v0!K80 -> Yread latancy | J6: =v0!L80 -> 32x32 input cc | K6: =v0!M80 -> 32x32 work cc | L6: =v0!N80 -> 32x32 output cc | M6: =v0!O80 -> 0 | N6: =v0!P80 -> tqitq4x4 input | O6: =v0!Q80 -> tqitq work | P6: =v0!R80 -> tqitq out
A7: TQITQ_F4 | C7: =F6 -> 24 | D7: =C7+N$14 -> 24 | E7: =D7+O$14 -> 36 | F7: =E7+P$14 -> 37 | I7: =v0!K81 -> 0 | J7: =v0!L81 -> 0 | K7: =v0!M81 -> 0 | L7: =v0!N81 -> 0 | M7: =v0!O81 -> 0 | N7: 0 | O7: =v0!Q81 -> 12 | P7: =v0!R81 -> 0
A8: INTER_PK4 | C8: =F7 -> 37 | D8: =C8+I$3 -> 38 | E8: =D8+J$3 -> 39 | F8: =E8+K$3 -> 42 | I8: =v0!K82 -> Yread latancy | J8: =v0!L82 -> 16x16 input cc | K8: =v0!M82 -> 16x16 work cc | L8: =v0!N82 -> 16x16 output cc | M8: =v0!O82 -> 0 | N8: =v0!P82 -> chroma | O8: =v0!Q82 -> 0 | P8: =v0!R82 -> 0
A9: SEL_PK4 | C9: =F8 -> 42 | D9: =C9+I$5 -> 42 | E9: =D9+J$5 -> 42 | F9: =E9+K$5 -> 42 | I9: =v0!K83 -> 2 | J9: =v0!L83 -> 44 | K9: =v0!M83 -> -22 | L9: 24 | M9: =v0!O83 -> 0 | N9: =v0!P83 -> tqitq16x16 input | O9: =v0!Q83 -> tqitq work | P9: =v0!R83 -> tqitq out
A10: PMF_M4_1 | B10: ='264PMF Y c0 round0'!B9 -> 57 | C10: =B10+I$19 -> 59 | D10: =C10+J$19 -> 65 | E10: =D10+K$19 -> 73 | F10: =E10+L$19 -> 75 | I10: =v0!K84 -> Yread latancy | J10: =v0!L84 -> 8x8 input cc | K10: =v0!M84 -> 8x8 work cc | L10: =v0!N84 -> 8x8 output cc | M10: =v0!O84 -> 0 | N10: =v0!P84 -> 0 | O10: =v0!Q84 -> 0 | P10: =v0!R84 -> 0
A11: TQITQ_M4 | C11: =F10 -> 75 | D11: =C11+N$14 -> 75 | E11: =D11+O$14 -> 87 | F11: =E11+P$14 -> 88 | I11: =v0!K85 -> 2 | J11: =v0!L85 -> 13 | K11: =v0!M85 -> 8 | L11: =v0!N85 -> 4 | M11: =v0!O85 -> 0 | N11: =v0!P85 -> tqitq8x8 input | O11: =v0!Q85 -> tqitq work | P11: =v0!R85 -> tqitq out
A12: INTER_PK4 | C12: =F11 -> 88 | D12: =C12+I$3 -> 89 | E12: =D12+J$3 -> 90 | F12: =E12+K$3 -> 93 | I12: =v0!K86 -> Yread latancy | J12: =v0!L86 -> 4x4 input cc | K12: =v0!M86 -> 4x4 work cc | L12: =v0!N86 -> 4x4 output cc | M12: =v0!O86 -> 0 | N12: =v0!P86 -> 0 | O12: =v0!Q86 -> 0 | P12: =v0!R86 -> 0
A13: SEL_PK4 | C13: =F12 -> 93 | D13: =C13+I$5 -> 93 | E13: =D13+J$5 -> 93 | F13: =E13+K$5 -> 93 | I13: =v0!K87 -> 0 | J13: =v0!L87 -> 0 | K13: =v0!M87 -> 0 | L13: =v0!N87 -> 0 | M13: =v0!O87 -> 0 | N13: =v0!P87 -> tqitq4x4 input | O13: =v0!Q87 -> tqitq work | P13: =v0!R87 -> tqitq out
A14: PMF_M4_2 | B14: ='264PMF Y c0 round0'!B12 -> 101 | C14: =B14+I$19 -> 103 | D14: =C14+J$19 -> 109 | E14: =D14+K$19 -> 117 | F14: =E14+L$19 -> 119 | I14: =v0!K88 -> UVread latancy | J14: =v0!L88 -> 16x16 input cc | K14: =v0!M88 -> 16x16 work cc | L14: =v0!N88 -> 16x16 output cc | M14: =v0!O88 -> 0 | N14: =v0!P88 -> 0 | O14: =v0!Q88 -> 12 | P14: =v0!R88 -> 1
A15: TQITQ_M4 | C15: =F14 -> 119 | D15: =C15+N$14 -> 119 | E15: =D15+O$14 -> 131 | F15: =E15+P$14 -> 132 | I15: =v0!K89 -> 0 | J15: =v0!L89 -> 0 | K15: =v0!M89 -> 0 | L15: =v0!N89 -> 0 | M15: =v0!O89 -> 0 | N15: =v0!P89 -> 0 | O15: =v0!Q89 -> 0 | P15: =v0!R89 -> 0
A16: INTER_PK4 | C16: =F15 -> 132 | D16: =C16+I$3 -> 133 | E16: =D16+J$3 -> 134 | F16: =E16+K$3 -> 137 | I16: =v0!K90 -> UVread latancy | J16: =v0!L90 -> 8x8 input cc | K16: =v0!M90 -> 8x8 work cc | L16: =v0!N90 -> 8x8 output cc | M16: =v0!O90 -> 0 | N16: =v0!P90 -> 0 | O16: =v0!Q90 -> 0 | P16: =v0!R90 -> 0
A17: SEL_PK4 | C17: =F16 -> 137 | D17: =C17+I$5 -> 137 | E17: =D17+J$5 -> 137 | F17: =E17+K$5 -> 137 | I17: =v0!K91 -> 2 | J17: =v0!L91 -> 26 | K17: =v0!M91 -> -8 | L17: =v0!N91 -> 8 | M17: =v0!O91 -> 0 | N17: =v0!P91 -> 0 | O17: =v0!Q91 -> 0 | P17: =v0!R91 -> 0
A18: PMF_M4_3 | B18: ='264PMF Y c0 round0'!B15 -> 145 | C18: =B18+I$19 -> 147 | D18: =C18+J$19 -> 153 | E18: =D18+K$19 -> 161 | F18: =E18+L$19 -> 163 | I18: =v0!K92 -> UVread latancy | J18: =v0!L92 -> 4x4 input cc | K18: =v0!M92 -> 4x4 work cc | L18: =v0!N92 -> 4x4 output cc | M18: =v0!O92 -> 0 | N18: =v0!P92 -> 0 | O18: =v0!Q92 -> 0 | P18: =v0!R92 -> 0
A19: TQITQ_M4 | C19: =F18 -> 163 | D19: =C19+N$14 -> 163 | E19: =D19+O$14 -> 175 | F19: =E19+P$14 -> 176 | I19: =v0!K93 -> 2 | J19: =v0!L93 -> 6 | K19: =v0!M93 -> 8 | L19: =v0!N93 -> 2 | M19: =v0!O93 -> 0 | N19: =v0!P93 -> 0 | O19: =v0!Q93 -> 0 | P19: =v0!R93 -> 0
A20: INTER_PK4 | C20: =F19 -> 176 | D20: =C20+I$3 -> 177 | E20: =D20+J$3 -> 178 | F20: =E20+K$3 -> 181 | I20: =v0!K94 -> 0 | J20: =v0!L94 -> 0 | K20: =v0!M94 -> 0 | L20: =v0!N94 -> 0 | M20: =v0!O94 -> 0 | N20: =v0!P94 -> 0 | O20: =v0!Q94 -> 0 | P20: =v0!R94 -> 0
A21: SEL_PK4 | C21: =F20 -> 181 | D21: =C21+I$5 -> 181 | E21: =D21+J$5 -> 181 | F21: =E21+K$5 -> 181 | I21: =v0!K101 -> 0 | J21: =v0!L101 -> 0 | K21: =v0!M101 -> 0 | L21: =v0!N101 -> 0 | M21: =v0!O101 -> 0 | N21: =v0!P101 -> 0 | O21: =v0!Q101 -> 0 | P21: =v0!R101 -> 0
A22: PMF_F4_1 | B22: =D6-2 -> 12 | C22: =B22+I$19 -> 14 | D22: =C22+J$19 -> 20 | E22: =D22+K$19 -> 28 | F22: =E22+L$19 -> 30 | I22: =v0!K102 -> 0 | J22: =v0!L102 -> 0 | K22: =v0!M102 -> 0 | L22: =v0!N102 -> 0 | M22: =v0!O102 -> 0 | N22: =v0!P102 -> 0 | O22: =v0!Q102 -> 0 | P22: =v0!R102 -> 0
A23: PMF_F4_2 | B23: =B14-J19 -> 95 | C23: =B23+I$19 -> 97 | D23: =C23+J$19 -> 103 | E23: =D23+K$19 -> 111 | F23: =E23+L$19 -> 113 | I23: =v0!K103 -> 0 | J23: =v0!L103 -> 0 | K23: =v0!M103 -> 0 | L23: =v0!N103 -> 0 | M23: =v0!O103 -> 0 | N23: =v0!P103 -> 0 | O23: =v0!Q103 -> 0 | P23: =v0!R103 -> 0
A24: PMF_F4_3 | B24: =B18-J19 -> 139 | C24: =B24+I$19 -> 141 | D24: =C24+J$19 -> 147 | E24: =D24+K$19 -> 155 | F24: =E24+L$19 -> 157 | I24: =v0!K104 -> 0 | J24: =v0!L104 -> 0 | K24: =v0!M104 -> 0 | L24: =v0!N104 -> 0 | M24: =v0!O104 -> 0 | N24: =v0!P104 -> 0 | O24: =v0!Q104 -> 0 | P24: =v0!R104 -> 0
I25: =v0!K105 -> 0 | J25: =v0!L105 -> 0 | K25: =v0!M105 -> 0 | L25: =v0!N105 -> 0 | M25: =v0!O105 -> 0 | N25: =v0!P105 -> 0 | O25: =v0!Q105 -> 0 | P25: =v0!R105 -> 0
I26: =v0!K106 -> 0 | J26: =v0!L106 -> 0 | K26: =v0!M106 -> 0 | L26: =v0!N106 -> 0 | M26: =v0!O106 -> 0 | N26: =v0!P106 -> 0 | O26: =v0!Q106 -> 0 | P26: =v0!R106 -> 0

Sheet 264PMF UV c1 round0
A1: tile | B1: 264PMF UV c1 round0 | I1: =v0!K75 -> H264 | J1: =v0!L75 -> 0 | K1: =v0!M75 -> 0 | L1: =v0!N75 -> 0 | M1: =v0!O75 -> 0 | N1: =v0!P75 -> 0 | O1: =v0!Q75 -> 0 | P1: =v0!R75 -> 0
A2: x | B2: CYCLE | I2: =v0!K76 -> inter pk in | J2: =v0!L76 -> inter pk work | K2: =v0!M76 -> inter pk out | L2: =v0!N76 -> 0 | M2: =v0!O76 -> 0 | N2: =v0!P76 -> tqitq16x16 input | O2: =v0!Q76 -> tqitq work | P2: =v0!R76 -> tqitq out
A3: y | B3: MODE | I3: =v0!K77 -> 1 | J3: =v0!L77 -> 1 | K3: =v0!M77 -> 3 | L3: =v0!N77 -> 0 | M3: =v0!O77 -> 0 | N3: =v0!P77 -> 0 | O3: =v0!Q77 -> 0 | P3: =v0!R77 -> 0
A4: mode | B4: pipe begin | C4: input begin | D4: input end | E4: output begin | F4: output end | I4: =v0!K78 -> sel pk in | J4: =v0!L78 -> sel pk work | K4: =v0!M78 -> sel pk out | L4: =v0!N78 -> 0 | M4: =v0!O78 -> 0 | N4: =v0!P78 -> tqitq8x8 input | O4: =v0!Q78 -> tqitq work | P4: =v0!R78 -> tqitq out
A5: PMF_M8 | B5: ='264PMF Y c1 round0'!B5 -> 14 | C5: =B5+I17 -> 16 | D5: =C5+J17 -> 34 | E5: =D5+K17+4 -> 30 | I5: =v0!K79 -> 0 | J5: =v0!L79 -> 0 | K5: =v0!M79 -> 0 | L5: =v0!N79 -> 0 | M5: =v0!O79 -> 0 | N5: =v0!P79 -> 0 | O5: =v0!Q79 -> 12 | P5: =v0!R79 -> 0
A6: PMF_F8 | B6: ='264PMF Y c1 round0'!B6 -> 64 | C6: =B6+I17 -> 66 | D6: =C6+J17 -> 84 | E6: =D6+K17 -> 76 | I6: =v0!K80 -> Yread latancy | J6: =v0!L80 -> 32x32 input cc | K6: =v0!M80 -> 32x32 work cc | L6: =v0!N80 -> 32x32 output cc | M6: =v0!O80 -> 0 | N6: =v0!P80 -> tqitq4x4 input | O6: =v0!Q80 -> tqitq work | P6: =v0!R80 -> tqitq out
A7: PMF_8M4_0 | E7: =E5+1 -> 31 | F7: =E7+2 -> 33 | I7: =v0!K81 -> 0 | J7: =v0!L81 -> 0 | K7: =v0!M81 -> 0 | L7: =v0!N81 -> 0 | M7: =v0!O81 -> 0 | N7: =v0!P81 -> 0 | O7: =v0!Q81 -> 12 | P7: =v0!R81 -> 0
A8: PMF_8M4_1 | E8: =F7 -> 33 | F8: =E8+2 -> 35 | I8: =v0!K82 -> Yread latancy | J8: =v0!L82 -> 16x16 input cc | K8: =v0!M82 -> 16x16 work cc | L8: =v0!N82 -> 16x16 output cc | M8: =v0!O82 -> 0 | N8: =v0!P82 -> chroma | O8: =v0!Q82 -> 0 | P8: =v0!R82 -> 0
A9: PMF_8M4_2 | E9: =F8 -> 35 | F9: =E9+2 -> 37 | I9: =v0!K83 -> 2 | J9: =v0!L83 -> 44 | K9: =v0!M83 -> -22 | L9: 24 | M9: =v0!O83 -> 0 | N9: =v0!P83 -> tqitq16x16 input | O9: =v0!Q83 -> tqitq work | P9: =v0!R83 -> tqitq out
A10: PMF_8M4_3 | E10: =F9 -> 37 | F10: =E10+4 -> 41 | I10: =v0!K84 -> Yread latancy | J10: =v0!L84 -> 8x8 input cc | K10: =v0!M84 -> 8x8 work cc | L10: =v0!N84 -> 8x8 output cc | M10: =v0!O84 -> 0 | N10: =v0!P84 -> 0 | O10: =v0!Q84 -> 0 | P10: =v0!R84 -> 0
A11: PMF_8F4_0 | E11: =E6+1 -> 77 | F11: =E11+2 -> 79 | I11: =v0!K85 -> 2 | J11: =v0!L85 -> 13 | K11: =v0!M85 -> 8 | L11: =v0!N85 -> 4 | M11: =v0!O85 -> 0 | N11: =v0!P85 -> tqitq8x8 input | O11: =v0!Q85 -> tqitq work | P11: =v0!R85 -> tqitq out
A12: PMF_8F4_1 | E12: =F11 -> 79 | F12: =E12+2 -> 81 | I12: =v0!K86 -> Yread latancy | J12: =v0!L86 -> 4x4 input cc | K12: =v0!M86 -> 4x4 work cc | L12: =v0!N86 -> 4x4 output cc | M12: =v0!O86 -> 0 | N12: =v0!P86 -> 0 | O12: =v0!Q86 -> 0 | P12: =v0!R86 -> 0
A13: PMF_8F4_2 | E13: =F12 -> 81 | F13: =E13+2 -> 83 | I13: =v0!K87 -> 0 | J13: =v0!L87 -> 0 | K13: =v0!M87 -> 0 | L13: =v0!N87 -> 0 | M13: =v0!O87 -> 0 | N13: =v0!P87 -> tqitq4x4 input | O13: =v0!Q87 -> tqitq work | P13: =v0!R87 -> tqitq out
A14: PMF_8F4_3 | E14: =F13 -> 83 | F14: =E14+4 -> 87 | I14: =v0!K88 -> UVread latancy | J14: =v0!L88 -> 16x16 input cc | K14: =v0!M88 -> 16x16 work cc | L14: =v0!N88 -> 16x16 output cc | M14: =v0!O88 -> 0 | N14: =v0!P88 -> 0 | O14: =v0!Q88 -> 12 | P14: =v0!R88 -> 1
I15: =v0!K89 -> 0 | J15: =v0!L89 -> 0 | K15: =v0!M89 -> 0 | L15: =v0!N89 -> 0 | M15: =v0!O89 -> 0 | N15: =v0!P89 -> 0 | O15: =v0!Q89 -> 0 | P15: =v0!R89 -> 0
I16: =v0!K90 -> UVread latancy | J16: =v0!L90 -> 8x8 input cc | K16: =v0!M90 -> 8x8 work cc | L16: =v0!N90 -> 8x8 output cc | M16: =v0!O90 -> 0 | N16: =v0!P90 -> 0 | O16: =v0!Q90 -> 0 | P16: =v0!R90 -> 0
I17: =v0!K91 -> 2 | J17: 18 | K17: =v0!M91 -> -8 | L17: =v0!N91 -> 8 | M17: =v0!O91 -> 0 | N17: =v0!P91 -> 0 | O17: =v0!Q91 -> 0 | P17: =v0!R91 -> 0
I18: =v0!K92 -> UVread latancy | J18: =v0!L92 -> 4x4 input cc | K18: =v0!M92 -> 4x4 work cc | L18: =v0!N92 -> 4x4 output cc | M18: =v0!O92 -> 0 | N18: =v0!P92 -> 0 | O18: =v0!Q92 -> 0 | P18: =v0!R92 -> 0
I19: =v0!K93 -> 2 | J19: =v0!L93 -> 6 | K19: =v0!M93 -> 8 | L19: =v0!N93 -> 2 | M19: =v0!O93 -> 0 | N19: =v0!P93 -> 0 | O19: =v0!Q93 -> 0 | P19: =v0!R93 -> 0
I20: =v0!K94 -> 0 | J20: =v0!L94 -> 0 | K20: =v0!M94 -> 0 | L20: =v0!N94 -> 0 | M20: =v0!O94 -> 0 | N20: =v0!P94 -> 0 | O20: =v0!Q94 -> 0 | P20: =v0!R94 -> 0
I21: =v0!K101 -> 0 | J21: =v0!L101 -> 0 | K21: =v0!M101 -> 0 | L21: =v0!N101 -> 0 | M21: =v0!O101 -> 0 | N21: =v0!P101 -> 0 | O21: =v0!Q101 -> 0 | P21: =v0!R101 -> 0
I22: =v0!K102 -> 0 | J22: =v0!L102 -> 0 | K22: =v0!M102 -> 0 | L22: =v0!N102 -> 0 | M22: =v0!O102 -> 0 | N22: =v0!P102 -> 0 | O22: =v0!Q102 -> 0 | P22: =v0!R102 -> 0
I23: =v0!K103 -> 0 | J23: =v0!L103 -> 0 | K23: =v0!M103 -> 0 | L23: =v0!N103 -> 0 | M23: =v0!O103 -> 0 | N23: =v0!P103 -> 0 | O23: =v0!Q103 -> 0 | P23: =v0!R103 -> 0
I24: =v0!K104 -> 0 | J24: =v0!L104 -> 0 | K24: =v0!M104 -> 0 | L24: =v0!N104 -> 0 | M24: =v0!O104 -> 0 | N24: =v0!P104 -> 0 | O24: =v0!Q104 -> 0 | P24: =v0!R104 -> 0
I25: =v0!K105 -> 0 | J25: =v0!L105 -> 0 | K25: =v0!M105 -> 0 | L25: =v0!N105 -> 0 | M25: =v0!O105 -> 0 | N25: =v0!P105 -> 0 | O25: =v0!Q105 -> 0 | P25: =v0!R105 -> 0
I26: =v0!K106 -> 0 | J26: =v0!L106 -> 0 | K26: =v0!M106 -> 0 | L26: =v0!N106 -> 0 | M26: =v0!O106 -> 0 | N26: =v0!P106 -> 0 | O26: =v0!Q106 -> 0 | P26: =v0!R106 -> 0

Sheet PMF c0 round0
A1: tile | B1: PMF c0 round0 | H1: =v0!A76 -> inter pk in | I1: =v0!B76 -> inter pk work | J1: =v0!C76 -> inter pk out | L1: =v0!A78 -> sel pk in | M1: =v0!B78 -> sel pk work | N1: =v0!C78 -> sel pk out | P1: =v0!A84 -> Yread latancy | Q1: =v0!B84 -> 8x8 input cc | R1: =v0!C84 -> 8x8 work cc | S1: =v0!D84 -> 8x8 output cc | U1: =v0!G76 -> tqitq8x8 input | V1: =v0!H76 -> tqitq work | W1: =v0!I76 -> tqitq out | Y1: =v0!A82 -> Yread latancy | Z1: =v0!B82 -> 16x16 input cc | AA1: =v0!C82 -> 16x16 work cc | AB1: =v0!D82 -> 16x16 output cc
A2: x | B2: CYCLE | H2: =v0!A77 -> 1 | I2: =v0!B77 -> 1 | J2: =v0!C77 -> 1 | L2: =v0!A79 -> 1 | M2: =v0!B79 -> 1 | N2: =v0!C79 -> 4 | P2: =v0!A85 -> 2 | Q2: =v0!B85 -> 8 | R2: =v0!C85 -> 4 | S2: =v0!D85 -> 4 | U2: =v0!G77 -> 0 | V2: =v0!H77 -> 19 | W2: =v0!I77 -> 0 | Y2: =v0!A83 -> 2 | Z2: =v0!B83 -> 23 | AA2: =v0!C83 -> -8 | AB2: =v0!D83 -> 16
A3: y | B3: MODE
A4: mode | B4: pipe begin | C4: input begin | D4: input end | E4: output begin | F4: output end
A5: PMF_M8_0_a | B5: 0 | C5: =B5+$P$2 -> 2 | D5: =C5+$Q$2 -> 10 | E5: =D5+$R$2 -> 14 | F5: =E5+$S$2 -> 18
A6: PMF_M8_0_b | B6: =B5+8 -> 8 | C6: =B6+$P$2 -> 10 | D6: =C6+$Q$2 -> 18 | E6: =D6+$R$2 -> 22 | F6: =E6+$S$2 -> 26
A7: PMF_M8_0_c | B7: =B6+8 -> 16 | C7: =B7+$P$2 -> 18 | D7: =C7+$Q$2 -> 26 | E7: =D7+$R$2 -> 30 | F7: =E7+$S$2 -> 34
A8: PMF_F8_0 | B8: =B7+8 -> 24 | C8: =B8+$P$2 -> 26 | D8: =C8+$Q$2 -> 34 | E8: =D8+$R$2 -> 38 | F8: =E8+$S$2 -> 42
A9: TQITQ_F8 | C9: =F8 -> 42 | D9: =C9+$U$2 -> 42 | E9: =D9+$V$2 -> 61 | F9: =E9+$W$2 -> 61
A10: INTER_PK8 | C10: =F9 -> 61 | D10: =C10+$H$2 -> 62 | E10: =D10+$I$2 -> 63 | F10: =E10+$J$2 -> 64
A11: SEL_PK8 | C11: =F10 -> 64 | D11: =C11+$L$2 -> 65 | E11: =D11+$M$2 -> 66 | F11: =E11+$N$2 -> 70
A12: PMF_M8_1_c | B12: =D31-2 -> 79 | C12: =B12+$P$2 -> 81 | D12: =C12+$Q$2 -> 89 | E12: =D12+$R$2 -> 93 | F12: =E12+$S$2 -> 97
A13: TQITQ_M8 | C13: =F12 -> 97 | D13: =C13+$U$2 -> 97 | E13: =D13+$V$2 -> 116 | F13: =E13+$W$2 -> 116
A14: INTER_PK8 | C14: =F13 -> 116 | D14: =C14+$H$2 -> 117 | E14: =D14+$I$2 -> 118 | F14: =E14+$J$2 -> 119
A15: SEL_PK8 | C15: =F14 -> 119 | D15: =C15+$L$2 -> 120 | E15: =D15+$M$2 -> 121 | F15: =E15+$N$2 -> 125
A16: PMF_M8_2_c | B16: =F15 -> 125 | C16: =B16+$P$2 -> 127 | D16: =C16+$Q$2 -> 135 | E16: =D16+$R$2 -> 139 | F16: =E16+$S$2 -> 143
A17: TQITQ_M8 | C17: =F16 -> 143 | D17: =C17+$U$2 -> 143 | E17: =D17+$V$2 -> 162 | F17: =E17+$W$2 -> 162
A18: INTER_PK8 | C18: =F17 -> 162 | D18: =C18+$H$2 -> 163 | E18: =D18+$I$2 -> 164 | F18: =E18+$J$2 -> 165
A19: SEL_PK8 | C19: =F18 -> 165 | D19: =C19+$L$2 -> 166 | E19: =D19+$M$2 -> 167 | F19: =E19+$N$2 -> 171
A20: PMF_M8_3_c | B20: =F19 -> 171 | C20: =B20+$P$2 -> 173 | D20: =C20+$Q$2 -> 181 | E20: =D20+$R$2 -> 185 | F20: =E20+$S$2 -> 189
A21: TQITQ_F8 | C21: =F20 -> 189 | D21: =C21+$U$2 -> 189 | E21: =D21+$V$2 -> 208 | F21: =E21+$W$2 -> 208
A22: INTER_PK8 | C22: =F21 -> 208 | D22: =C22+$H$2 -> 209 | E22: =D22+$I$2 -> 210 | F22: =E22+$J$2 -> 211
A23: SEL_PK8 | C23: =F22 -> 211 | D23: =C23+$L$2 -> 212 | E23: =D23+$M$2 -> 213 | F23: =E23+$N$2 -> 217
A24: dummy wait | D24: =F23 -> 217 | E24: =D24+7 -> 224 | F24: =E24+1 -> 225
A25: PMF_M8_1_a | B25: =B8+8 -> 32 | C25: =B25+$P$2 -> 34 | D25: =C25+$Q$2 -> 42 | E25: =D25+$R$2 -> 46 | F25: =E25+$S$2 -> 50
A26: PMF_M8_1_b | B26: =B25+8 -> 40 | C26: =B26+$P$2 -> 42 | D26: =C26+$Q$2 -> 50 | E26: =D26+$R$2 -> 54 | F26: =E26+$S$2 -> 58
A27: PMF_F8_1 | B27: =B26+8 -> 48 | C27: =B27+$P$2 -> 50 | D27: =C27+$Q$2 -> 58 | E27: =D27+$R$2 -> 62 | F27: =E27+$S$2 -> 66
A28: PMF_F8_2 | B28: =D30-2 -> 103 | C28: =B28+$P$2 -> 105 | D28: =C28+$Q$2 -> 113 | E28: =D28+$R$2 -> 117 | F28: =E28+$S$2 -> 121
A29: PMF_M8_2_a | B29: =B12+8 -> 87 | C29: =B29+$P$2 -> 89 | D29: =C29+$Q$2 -> 97 | E29: =D29+$R$2 -> 101 | F29: =E29+$S$2 -> 105
A30: PMF_M8_2_b | B30: =B29+8 -> 95 | C30: =B30+$P$2 -> 97 | D30: =C30+$Q$2 -> 105 | E30: =D30+$R$2 -> 109 | F30: =E30+$S$2 -> 113
A31: PMF_F16_0 | B31: =D27-2 -> 56 | C31: =B31+$Y$2 -> 58 | D31: =C31+$Z$2 -> 81 | E31: =D31+$AA$2 -> 73 | F31: =E31+$AB$2 -> 89
A32: PMF_M8_3_a | B32: =D16-2 -> 133 | C32: =B32+$P$2 -> 135 | D32: =C32+$Q$2 -> 143 | E32: =D32+$R$2 -> 147 | F32: =E32+$S$2 -> 151
A33: PMF_M8_3_b | B33: =B32+8 -> 141 | C33: =B33+$P$2 -> 143 | D33: =C33+$Q$2 -> 151 | E33: =D33+$R$2 -> 155 | F33: =E33+$S$2 -> 159
A34: PMF_F8_3 | B34: =D33-2 -> 149 | C34: =B34+$P$2 -> 151 | D34: =C34+$Q$2 -> 159 | E34: =D34+$R$2 -> 163 | F34: =E34+$S$2 -> 167

Sheet PMF sp c0 round0
A1: ='PMF c0 round0'!A1 -> tile | B1: ='PMF c0 round0'!B1 -> PMF c0 round0
A2: ='PMF c0 round0'!A2 -> x | B2: ='PMF c0 round0'!B2 -> CYCLE
A3: ='PMF c0 round0'!A3 -> y | B3: ='PMF c0 round0'!B3 -> MODE
A4: ='PMF c0 round0'!A4 -> mode | B4: ='PMF c0 round0'!B4 -> pipe begin | C4: ='PMF c0 round0'!C4 -> input begin | D4: ='PMF c0 round0'!D4 -> input end | E4: ='PMF c0 round0'!E4 -> output begin | F4: ='PMF c0 round0'!F4 -> output end
A5: ='PMF c0 round0'!A5 -> PMF_M8_0_a | B5: ='PMF c0 round0'!B5 -> 0 | C5: ='PMF c0 round0'!C5 -> 2 | D5: ='PMF c0 round0'!D5 -> 10 | E5: ='PMF c0 round0'!E5+2 -> 16 | F5: ='PMF c0 round0'!F5+2 -> 20
A6: ='PMF c0 round0'!A6 -> PMF_M8_0_b | B6: ='PMF c0 round0'!B6 -> 8 | C6: ='PMF c0 round0'!C6 -> 10 | D6: ='PMF c0 round0'!D6 -> 18 | E6: ='PMF c0 round0'!E6+2 -> 24 | F6: ='PMF c0 round0'!F6+2 -> 28
A7: ='PMF c0 round0'!A7 -> PMF_M8_0_c | B7: ='PMF c0 round0'!B7 -> 16 | C7: ='PMF c0 round0'!C7 -> 18 | D7: ='PMF c0 round0'!D7 -> 26 | E7: ='PMF c0 round0'!E7+2 -> 32 | F7: ='PMF c0 round0'!F7+2 -> 36
A8: ='PMF c0 round0'!A8 -> PMF_F8_0 | B8: ='PMF c0 round0'!B8 -> 24 | C8: ='PMF c0 round0'!C8 -> 26 | D8: ='PMF c0 round0'!D8 -> 34 | E8: ='PMF c0 round0'!E8+2 -> 40 | F8: ='PMF c0 round0'!F8+2 -> 44
A9: ='PMF c0 round0'!A9 -> TQITQ_F8 | B9: ='PMF c0 round0'!B9 -> 0 | C9: ='PMF c0 round0'!C9 -> 42 | D9: ='PMF c0 round0'!D9 -> 42 | E9: ='PMF c0 round0'!E9 -> 61 | F9: ='PMF c0 round0'!F9 -> 61
A10: ='PMF c0 round0'!A10 -> INTER_PK8 | B10: ='PMF c0 round0'!B10 -> 0 | C10: ='PMF c0 round0'!C10 -> 61 | D10: ='PMF c0 round0'!D10 -> 62 | E10: ='PMF c0 round0'!E10 -> 63 | F10: ='PMF c0 round0'!F10 -> 64
A11: ='PMF c0 round0'!A11 -> SEL_PK8 | B11: ='PMF c0 round0'!B11 -> 0 | C11: ='PMF c0 round0'!C11 -> 64 | D11: ='PMF c0 round0'!D11 -> 65 | E11: ='PMF c0 round0'!E11 -> 66 | F11: ='PMF c0 round0'!F11 -> 70
A12: ='PMF c0 round0'!A12 -> PMF_M8_1_c | B12: ='PMF c0 round0'!B12 -> 79 | C12: ='PMF c0 round0'!C12 -> 81 | D12: ='PMF c0 round0'!D12 -> 89 | E12: ='PMF c0 round0'!E12+2 -> 95 | F12: ='PMF c0 round0'!F12+2 -> 99
A13: ='PMF c0 round0'!A13 -> TQITQ_M8 | B13: ='PMF c0 round0'!B13 -> 0 | C13: ='PMF c0 round0'!C13 -> 97 | D13: ='PMF c0 round0'!D13 -> 97 | E13: ='PMF c0 round0'!E13 -> 116 | F13: ='PMF c0 round0'!F13 -> 116
A14: ='PMF c0 round0'!A14 -> INTER_PK8 | B14: ='PMF c0 round0'!B14 -> 0 | C14: ='PMF c0 round0'!C14 -> 116 | D14: ='PMF c0 round0'!D14 -> 117 | E14: ='PMF c0 round0'!E14 -> 118 | F14: ='PMF c0 round0'!F14 -> 119
A15: ='PMF c0 round0'!A15 -> SEL_PK8 | B15: ='PMF c0 round0'!B15 -> 0 | C15: ='PMF c0 round0'!C15 -> 119 | D15: ='PMF c0 round0'!D15 -> 120 | E15: ='PMF c0 round0'!E15 -> 121 | F15: ='PMF c0 round0'!F15 -> 125
A16: ='PMF c0 round0'!A16 -> PMF_M8_2_c | B16: ='PMF c0 round0'!B16 -> 125 | C16: ='PMF c0 round0'!C16 -> 127 | D16: ='PMF c0 round0'!D16 -> 135 | E16: ='PMF c0 round0'!E16+2 -> 141 | F16: ='PMF c0 round0'!F16+2 -> 145
A17: ='PMF c0 round0'!A17 -> TQITQ_M8 | B17: ='PMF c0 round0'!B17 -> 0 | C17: ='PMF c0 round0'!C17 -> 143 | D17: ='PMF c0 round0'!D17 -> 143 | E17: ='PMF c0 round0'!E17 -> 162 | F17: ='PMF c0 round0'!F17 -> 162
A18: ='PMF c0 round0'!A18 -> INTER_PK8 | B18: ='PMF c0 round0'!B18 -> 0 | C18: ='PMF c0 round0'!C18 -> 162 | D18: ='PMF c0 round0'!D18 -> 163 | E18: ='PMF c0 round0'!E18 -> 164 | F18: ='PMF c0 round0'!F18 -> 165
A19: ='PMF c0 round0'!A19 -> SEL_PK8 | B19: ='PMF c0 round0'!B19 -> 0 | C19: ='PMF c0 round0'!C19 -> 165 | D19: ='PMF c0 round0'!D19 -> 166 | E19: ='PMF c0 round0'!E19 -> 167 | F19: ='PMF c0 round0'!F19 -> 171
A20: ='PMF c0 round0'!A20 -> PMF_M8_3_c | B20: ='PMF c0 round0'!B20 -> 171 | C20: ='PMF c0 round0'!C20 -> 173 | D20: ='PMF c0 round0'!D20 -> 181 | E20: ='PMF c0 round0'!E20+5 -> 190 | F20: ='PMF c0 round0'!F20+5 -> 194
A21: ='PMF c0 round0'!A21 -> TQITQ_F8 | B21: ='PMF c0 round0'!B21 -> 0 | C21: ='PMF c0 round0'!C21 -> 189 | D21: ='PMF c0 round0'!D21 -> 189 | E21: ='PMF c0 round0'!E21 -> 208 | F21: ='PMF c0 round0'!F21 -> 208
A22: ='PMF c0 round0'!A22 -> INTER_PK8 | B22: ='PMF c0 round0'!B22 -> 0 | C22: ='PMF c0 round0'!C22 -> 208 | D22: ='PMF c0 round0'!D22 -> 209 | E22: ='PMF c0 round0'!E22 -> 210 | F22: ='PMF c0 round0'!F22 -> 211
A23: ='PMF c0 round0'!A23 -> SEL_PK8 | B23: ='PMF c0 round0'!B23 -> 0 | C23: ='PMF c0 round0'!C23 -> 211 | D23: ='PMF c0 round0'!D23 -> 212 | E23: ='PMF c0 round0'!E23 -> 213 | F23: ='PMF c0 round0'!F23 -> 217
A24: ='PMF c0 round0'!A24 -> dummy wait | B24: ='PMF c0 round0'!B24 -> 0 | C24: ='PMF c0 round0'!C24 -> 0 | D24: ='PMF c0 round0'!D24 -> 217 | E24: ='PMF c0 round0'!E24 -> 224 | F24: ='PMF c0 round0'!F24 -> 225
A25: ='PMF c0 round0'!A25 -> PMF_M8_1_a | B25: ='PMF c0 round0'!B25 -> 32 | C25: ='PMF c0 round0'!C25 -> 34 | D25: ='PMF c0 round0'!D25 -> 42 | E25: ='PMF c0 round0'!E25+2 -> 48 | F25: ='PMF c0 round0'!F25+2 -> 52
A26: ='PMF c0 round0'!A26 -> PMF_M8_1_b | B26: ='PMF c0 round0'!B26 -> 40 | C26: ='PMF c0 round0'!C26 -> 42 | D26: ='PMF c0 round0'!D26 -> 50 | E26: ='PMF c0 round0'!E26+2 -> 56 | F26: ='PMF c0 round0'!F26+2 -> 60
A27: ='PMF c0 round0'!A27 -> PMF_F8_1 | B27: ='PMF c0 round0'!B27 -> 48 | C27: ='PMF c0 round0'!C27 -> 50 | D27: ='PMF c0 round0'!D27 -> 58 | E27: ='PMF c0 round0'!E27+2 -> 64 | F27: ='PMF c0 round0'!F27+2 -> 68
A28: ='PMF c0 round0'!A28 -> PMF_F8_2 | B28: ='PMF c0 round0'!B28 -> 103 | C28: ='PMF c0 round0'!C28 -> 105 | D28: ='PMF c0 round0'!D28 -> 113 | E28: ='PMF c0 round0'!E28+2 -> 119 | F28: ='PMF c0 round0'!F28+2 -> 123
A29: ='PMF c0 round0'!A29 -> PMF_M8_2_a | B29: ='PMF c0 round0'!B29 -> 87 | C29: ='PMF c0 round0'!C29 -> 89 | D29: ='PMF c0 round0'!D29 -> 97 | E29: ='PMF c0 round0'!E29+2 -> 103 | F29: ='PMF c0 round0'!F29+2 -> 107
A30: ='PMF c0 round0'!A30 -> PMF_M8_2_b | B30: ='PMF c0 round0'!B30 -> 95 | C30: ='PMF c0 round0'!C30 -> 97 | D30: ='PMF c0 round0'!D30 -> 105 | E30: ='PMF c0 round0'!E30+2 -> 111 | F30: ='PMF c0 round0'!F30+2 -> 115
A31: ='PMF c0 round0'!A31 -> PMF_F16_0 | B31: ='PMF c0 round0'!B31 -> 56 | C31: ='PMF c0 round0'!C31 -> 58 | D31: ='PMF c0 round0'!D31 -> 81 | E31: ='PMF c0 round0'!E31 -> 73 | F31: ='PMF c0 round0'!F31 -> 89
A32: ='PMF c0 round0'!A32 -> PMF_M8_3_a | B32: ='PMF c0 round0'!B32 -> 133 | C32: ='PMF c0 round0'!C32 -> 135 | D32: ='PMF c0 round0'!D32 -> 143 | E32: ='PMF c0 round0'!E32+2 -> 149 | F32: ='PMF c0 round0'!F32+2 -> 153
A33: ='PMF c0 round0'!A33 -> PMF_M8_3_b | B33: ='PMF c0 round0'!B33 -> 141 | C33: ='PMF c0 round0'!C33 -> 143 | D33: ='PMF c0 round0'!D33 -> 151 | E33: ='PMF c0 round0'!E33+2 -> 157 | F33: ='PMF c0 round0'!F33+2 -> 161
A34: ='PMF c0 round0'!A34 -> PMF_F8_3 | B34: ='PMF c0 round0'!B34 -> 149 | C34: ='PMF c0 round0'!C34 -> 151 | D34: ='PMF c0 round0'!D34 -> 159 | E34: ='PMF c0 round0'!E34+2 -> 165 | F34: ='PMF c0 round0'!F34+2 -> 169
A35: ='PMF c0 round0'!A35 -> 0 | B35: ='PMF c0 round0'!B35 -> 0 | C35: ='PMF c0 round0'!C35 -> 0 | D35: ='PMF c0 round0'!D35 -> 0 | E35: ='PMF c0 round0'!E35 -> 0 | F35: ='PMF c0 round0'!F35 -> 0
A36: ='PMF c0 round0'!A36 -> 0 | B36: ='PMF c0 round0'!B36 -> 0 | C36: ='PMF c0 round0'!C36 -> 0 | D36: ='PMF c0 round0'!D36 -> 0 | E36: ='PMF c0 round0'!E36 -> 0 | F36: ='PMF c0 round0'!F36 -> 0
A37: ='PMF c0 round0'!A37 -> 0 | B37: ='PMF c0 round0'!B37 -> 0 | C37: ='PMF c0 round0'!C37 -> 0 | D37: ='PMF c0 round0'!D37 -> 0 | E37: ='PMF c0 round0'!E37 -> 0 | F37: ='PMF c0 round0'!F37 -> 0
A38: ='PMF c0 round0'!A38 -> 0 | B38: ='PMF c0 round0'!B38 -> 0 | C38: ='PMF c0 round0'!C38 -> 0 | D38: ='PMF c0 round0'!D38 -> 0 | E38: ='PMF c0 round0'!E38 -> 0 | F38: ='PMF c0 round0'!F38 -> 0

Sheet PMF sp c0 round1-3
A1: ='PMF c0 round1-3'!A1 -> tile | B1: ='PMF c0 round1-3'!B1 -> PMF C0 Round 1-3 | C1: ='PMF c0 round1-3'!C1 -> 0 | D1: ='PMF c0 round1-3'!D1 -> 0 | E1: ='PMF c0 round1-3'!E1 -> 0 | F1: ='PMF c0 round1-3'!F1 -> 0
A2: ='PMF c0 round1-3'!A2 -> x | B2: ='PMF c0 round1-3'!B2 -> CYCLE | C2: ='PMF c0 round1-3'!C2 -> 0 | D2: ='PMF c0 round1-3'!D2 -> 0 | E2: ='PMF c0 round1-3'!E2 -> 0 | F2: ='PMF c0 round1-3'!F2 -> 0
A3: ='PMF c0 round1-3'!A3 -> y | B3: ='PMF c0 round1-3'!B3 -> MODE | C3: ='PMF c0 round1-3'!C3 -> 0 | D3: ='PMF c0 round1-3'!D3 -> 0 | E3: ='PMF c0 round1-3'!E3 -> 0 | F3: ='PMF c0 round1-3'!F3 -> 0
A4: ='PMF c0 round1-3'!A4 -> mode | B4: ='PMF c0 round1-3'!B4 -> pipe begin | C4: ='PMF c0 round1-3'!C4 -> input begin | D4: ='PMF c0 round1-3'!D4 -> input end | E4: ='PMF c0 round1-3'!E4 -> output begin | F4: ='PMF c0 round1-3'!F4 -> output end
A5: ='PMF c0 round1-3'!A5 -> PMF_M8_0_a | B5: ='PMF c0 round1-3'!B5 -> 202 | C5: ='PMF c0 round1-3'!C5 -> 204 | D5: ='PMF c0 round1-3'!D5 -> 212 | E5: ='PMF c0 round1-3'!E5+2 -> 218 | F5: ='PMF c0 round1-3'!F5+2 -> 222
A6: ='PMF c0 round1-3'!A6 -> PMF_M8_0_b | B6: ='PMF c0 round1-3'!B6 -> 210 | C6: ='PMF c0 round1-3'!C6 -> 212 | D6: ='PMF c0 round1-3'!D6 -> 220 | E6: ='PMF c0 round1-3'!E6+2 -> 226 | F6: ='PMF c0 round1-3'!F6+2 -> 230
A7: ='PMF c0 round1-3'!A7 -> PMF_F8_0 | B7: ='PMF c0 round1-3'!B7 -> 218 | C7: ='PMF c0 round1-3'!C7 -> 220 | D7: ='PMF c0 round1-3'!D7 -> 228 | E7: ='PMF c0 round1-3'!E7+2 -> 234 | F7: ='PMF c0 round1-3'!F7+2 -> 238
A8: ='PMF c0 round1-3'!A8 -> PMF_M8_0_c | B8: ='PMF c0 round1-3'!B8 -> 226 | C8: ='PMF c0 round1-3'!C8 -> 228 | D8: ='PMF c0 round1-3'!D8 -> 236 | E8: ='PMF c0 round1-3'!E8+2 -> 242 | F8: ='PMF c0 round1-3'!F8+2 -> 246
A9: ='PMF c0 round1-3'!A9 -> TQITQ_M8 | B9: ='PMF c0 round1-3'!B9 -> 0 | C9: ='PMF c0 round1-3'!C9 -> 240 | D9: ='PMF c0 round1-3'!D9 -> 240 | E9: ='PMF c0 round1-3'!E9 -> 259 | F9: ='PMF c0 round1-3'!F9 -> 259
A10: ='PMF c0 round1-3'!A10 -> INTER_PK8 | B10: ='PMF c0 round1-3'!B10 -> 0 | C10: ='PMF c0 round1-3'!C10 -> 259 | D10: ='PMF c0 round1-3'!D10 -> 260 | E10: ='PMF c0 round1-3'!E10 -> 261 | F10: ='PMF c0 round1-3'!F10 -> 262
A11: ='PMF c0 round1-3'!A11 -> SEL_PK8 | B11: ='PMF c0 round1-3'!B11 -> 0 | C11: ='PMF c0 round1-3'!C11 -> 262 | D11: ='PMF c0 round1-3'!D11 -> 263 | E11: ='PMF c0 round1-3'!E11 -> 264 | F11: ='PMF c0 round1-3'!F11 -> 268
A12: ='PMF c0 round1-3'!A12 -> PMF_M8_1_c | B12: ='PMF c0 round1-3'!B12 -> 281 | C12: ='PMF c0 round1-3'!C12 -> 283 | D12: ='PMF c0 round1-3'!D12 -> 291 | E12: ='PMF c0 round1-3'!E12+2 -> 297 | F12: ='PMF c0 round1-3'!F12+2 -> 301
A13: ='PMF c0 round1-3'!A13 -> TQITQ_M8 | B13: ='PMF c0 round1-3'!B13 -> 0 | C13: ='PMF c0 round1-3'!C13 -> 295 | D13: ='PMF c0 round1-3'!D13 -> 295 | E13: ='PMF c0 round1-3'!E13 -> 314 | F13: ='PMF c0 round1-3'!F13 -> 314
A14: ='PMF c0 round1-3'!A14 -> INTER_PK8 | B14: ='PMF c0 round1-3'!B14 -> 0 | C14: ='PMF c0 round1-3'!C14 -> 314 | D14: ='PMF c0 round1-3'!D14 -> 315 | E14: ='PMF c0 round1-3'!E14 -> 316 | F14: ='PMF c0 round1-3'!F14 -> 317
A15: ='PMF c0 round1-3'!A15 -> SEL_PK8 | B15: ='PMF c0 round1-3'!B15 -> 0 | C15: ='PMF c0 round1-3'!C15 -> 317 | D15: ='PMF c0 round1-3'!D15 -> 318 | E15: ='PMF c0 round1-3'!E15 -> 319 | F15: ='PMF c0 round1-3'!F15 -> 323
A16: ='PMF c0 round1-3'!A16 -> PMF_M8_2_c | B16: ='PMF c0 round1-3'!B16 -> 323 | C16: ='PMF c0 round1-3'!C16 -> 325 | D16: ='PMF c0 round1-3'!D16 -> 333 | E16: ='PMF c0 round1-3'!E16+1 -> 338 | F16: ='PMF c0 round1-3'!F16+1 -> 342
A17: ='PMF c0 round1-3'!A17 -> TQITQ_M8 | B17: ='PMF c0 round1-3'!B17 -> 0 | C17: ='PMF c0 round1-3'!C17 -> 337 | D17: ='PMF c0 round1-3'!D17 -> 337 | E17: ='PMF c0 round1-3'!E17 -> 356 | F17: ='PMF c0 round1-3'!F17 -> 356
A18: ='PMF c0 round1-3'!A18 -> INTER_PK8 | B18: ='PMF c0 round1-3'!B18 -> 0 | C18: ='PMF c0 round1-3'!C18 -> 356 | D18: ='PMF c0 round1-3'!D18 -> 357 | E18: ='PMF c0 round1-3'!E18 -> 358 | F18: ='PMF c0 round1-3'!F18 -> 359
A19: ='PMF c0 round1-3'!A19 -> SEL_PK8 | B19: ='PMF c0 round1-3'!B19 -> 0 | C19: ='PMF c0 round1-3'!C19 -> 359 | D19: ='PMF c0 round1-3'!D19 -> 360 | E19: ='PMF c0 round1-3'!E19 -> 361 | F19: ='PMF c0 round1-3'!F19 -> 365
A20: ='PMF c0 round1-3'!A20 -> PMF_M8_3_c | B20: ='PMF c0 round1-3'!B20 -> 365 | C20: ='PMF c0 round1-3'!C20 -> 367 | D20: ='PMF c0 round1-3'!D20 -> 375 | E20: ='PMF c0 round1-3'!E20+5 -> 384 | F20: ='PMF c0 round1-3'!F20+5 -> 388
A21: ='PMF c0 round1-3'!A21 -> TQITQ_F8 | B21: ='PMF c0 round1-3'!B21 -> 0 | C21: ='PMF c0 round1-3'!C21 -> 379 | D21: ='PMF c0 round1-3'!D21 -> 379 | E21: ='PMF c0 round1-3'!E21 -> 398 | F21: ='PMF c0 round1-3'!F21 -> 398
A22: ='PMF c0 round1-3'!A22 -> INTER_PK8 | B22: ='PMF c0 round1-3'!B22 -> 0 | C22: ='PMF c0 round1-3'!C22 -> 398 | D22: ='PMF c0 round1-3'!D22 -> 399 | E22: ='PMF c0 round1-3'!E22 -> 400 | F22: ='PMF c0 round1-3'!F22 -> 401
A23: ='PMF c0 round1-3'!A23 -> SEL_PK8 | B23: ='PMF c0 round1-3'!B23 -> 0 | C23: ='PMF c0 round1-3'!C23 -> 401 | D23: ='PMF c0 round1-3'!D23 -> 402 | E23: ='PMF c0 round1-3'!E23 -> 403 | F23: ='PMF c0 round1-3'!F23 -> 407
A24: ='PMF c0 round1-3'!A24 -> PMF_M8_1_a | B24: ='PMF c0 round1-3'!B24 -> 234 | C24: ='PMF c0 round1-3'!C24 -> 236 | D24: ='PMF c0 round1-3'!D24 -> 244 | E24: ='PMF c0 round1-3'!E24+2 -> 250 | F24: ='PMF c0 round1-3'!F24+2 -> 254
A25: ='PMF c0 round1-3'!A25 -> PMF_M8_1_b | B25: ='PMF c0 round1-3'!B25 -> 242 | C25: ='PMF c0 round1-3'!C25 -> 244 | D25: ='PMF c0 round1-3'!D25 -> 252 | E25: ='PMF c0 round1-3'!E25+2 -> 258 | F25: ='PMF c0 round1-3'!F25+2 -> 262
A26: ='PMF c0 round1-3'!A26 -> PMF_F8_1 | B26: ='PMF c0 round1-3'!B26 -> 250 | C26: ='PMF c0 round1-3'!C26 -> 252 | D26: ='PMF c0 round1-3'!D26 -> 260 | E26: ='PMF c0 round1-3'!E26+2 -> 266 | F26: ='PMF c0 round1-3'!F26+2 -> 270
A27: ='PMF c0 round1-3'!A27 -> PMF_F8_2 | B27: ='PMF c0 round1-3'!B27 -> 305 | C27: ='PMF c0 round1-3'!C27 -> 307 | D27: ='PMF c0 round1-3'!D27 -> 315 | E27: ='PMF c0 round1-3'!E27+2 -> 321 | F27: ='PMF c0 round1-3'!F27+2 -> 325
A28: ='PMF c0 round1-3'!A28 -> PMF_M8_2_a | B28: ='PMF c0 round1-3'!B28 -> 289 | C28: ='PMF c0 round1-3'!C28 -> 291 | D28: ='PMF c0 round1-3'!D28 -> 299 | E28: ='PMF c0 round1-3'!E28+2 -> 305 | F28: ='PMF c0 round1-3'!F28+2 -> 309
A29: ='PMF c0 round1-3'!A29 -> PMF_M8_2_b | B29: ='PMF c0 round1-3'!B29 -> 297 | C29: ='PMF c0 round1-3'!C29 -> 299 | D29: ='PMF c0 round1-3'!D29 -> 307 | E29: ='PMF c0 round1-3'!E29+2 -> 313 | F29: ='PMF c0 round1-3'!F29+2 -> 317
A30: ='PMF c0 round1-3'!A30 -> PMF_F16_1 | B30: ='PMF c0 round1-3'!B30 -> 258 | C30: ='PMF c0 round1-3'!C30 -> 260 | D30: ='PMF c0 round1-3'!D30 -> 283 | E30: ='PMF c0 round1-3'!E30 -> 275 | F30: ='PMF c0 round1-3'!F30 -> 291
A31: ='PMF c0 round1-3'!A31 -> PMF_M8_3_a | B31: ='PMF c0 round1-3'!B31 -> 331 | C31: ='PMF c0 round1-3'!C31 -> 333 | D31: ='PMF c0 round1-3'!D31 -> 341 | E31: ='PMF c0 round1-3'!E31+2 -> 347 | F31: ='PMF c0 round1-3'!F31+2 -> 351
A32: ='PMF c0 round1-3'!A32 -> PMF_M8_3_b | B32: ='PMF c0 round1-3'!B32 -> 339 | C32: ='PMF c0 round1-3'!C32 -> 341 | D32: ='PMF c0 round1-3'!D32 -> 349 | E32: ='PMF c0 round1-3'!E32+2 -> 355 | F32: ='PMF c0 round1-3'!F32+2 -> 359
A33: ='PMF c0 round1-3'!A33 -> PMF_F8_3 | B33: ='PMF c0 round1-3'!B33 -> 347 | C33: ='PMF c0 round1-3'!C33 -> 349 | D33: ='PMF c0 round1-3'!D33 -> 357 | E33: ='PMF c0 round1-3'!E33+2 -> 363 | F33: ='PMF c0 round1-3'!F33+2 -> 367
A34: ='PMF c0 round1-3'!A34 -> 0 | B34: ='PMF c0 round1-3'!B34 -> 0 | C34: ='PMF c0 round1-3'!C34 -> 0 | D34: ='PMF c0 round1-3'!D34 -> 0 | E34: ='PMF c0 round1-3'!E34 -> 0 | F34: ='PMF c0 round1-3'!F34 -> 0
A35: ='PMF c0 round1-3'!A35 -> 0 | B35: ='PMF c0 round1-3'!B35 -> 0 | C35: ='PMF c0 round1-3'!C35 -> 0 | D35: ='PMF c0 round1-3'!D35 -> 0 | E35: ='PMF c0 round1-3'!E35 -> 0 | F35: ='PMF c0 round1-3'!F35 -> 0
A36: ='PMF c0 round1-3'!A36 -> 0 | B36: ='PMF c0 round1-3'!B36 -> 0 | C36: ='PMF c0 round1-3'!C36 -> 0 | D36: ='PMF c0 round1-3'!D36 -> 0 | E36: ='PMF c0 round1-3'!E36 -> 0 | F36: ='PMF c0 round1-3'!F36 -> 0

Sheet PMF c0 round1-3
A1: tile | B1: PMF C0 Round 1-3 | H1: =v0!A76 -> inter pk in | I1: =v0!B76 -> inter pk work | J1: =v0!C76 -> inter pk out | L1: =v0!A78 -> sel pk in | M1: =v0!B78 -> sel pk work | N1: =v0!C78 -> sel pk out | P1: =v0!A84 -> Yread latancy | Q1: =v0!B84 -> 8x8 input cc | R1: =v0!C84 -> 8x8 work cc | S1: =v0!D84 -> 8x8 output cc | U1: =v0!G76 -> tqitq8x8 input | V1: =v0!H76 -> tqitq work | W1: =v0!I76 -> tqitq out | Y1: =v0!A82 -> Yread latancy | Z1: =v0!B82 -> 16x16 input cc | AA1: =v0!C82 -> 16x16 work cc | AB1: =v0!D82 -> 16x16 output cc
A2: x | B2: CYCLE | H2: =v0!A77 -> 1 | I2: =v0!B77 -> 1 | J2: =v0!C77 -> 1 | L2: =v0!A79 -> 1 | M2: =v0!B79 -> 1 | N2: =v0!C79 -> 4 | P2: =v0!A85 -> 2 | Q2: =v0!B85 -> 8 | R2: =v0!C85 -> 4 | S2: =v0!D85 -> 4 | U2: =v0!G77 -> 0 | V2: =v0!H77 -> 19 | W2: =v0!I77 -> 0 | Y2: =v0!A83 -> 2 | Z2: =v0!B83 -> 23 | AA2: =v0!C83 -> -8 | AB2: =v0!D83 -> 16
A3: y | B3: MODE
A4: mode | B4: pipe begin | C4: input begin | D4: input end | E4: output begin | F4: output end
A5: PMF_M8_0_a | B5: 202 | C5: =B5+$P$2 -> 204 | D5: =C5+$Q$2 -> 212 | E5: =D5+$R$2 -> 216 | F5: =E5+$S$2 -> 220
A6: PMF_M8_0_b | B6: =B5+8 -> 210 | C6: =B6+$P$2 -> 212 | D6: =C6+$Q$2 -> 220 | E6: =D6+$R$2 -> 224 | F6: =E6+$S$2 -> 228
A7: PMF_F8_0 | B7: =B6+8 -> 218 | C7: =B7+$P$2 -> 220 | D7: =C7+$Q$2 -> 228 | E7: =D7+$R$2 -> 232 | F7: =E7+$S$2 -> 236
A8: PMF_M8_0_c | B8: =D7-2 -> 226 | C8: =B8+$P$2 -> 228 | D8: =C8+$Q$2 -> 236 | E8: =D8+$R$2 -> 240 | F8: =E8+$S$2 -> 244
A9: TQITQ_M8 | C9: =E8 -> 240 | D9: =C9+$U$2 -> 240 | E9: =D9+$V$2 -> 259 | F9: =E9+$W$2 -> 259
A10: INTER_PK8 | C10: =F9 -> 259 | D10: =C10+$H$2 -> 260 | E10: =D10+$I$2 -> 261 | F10: =E10+$J$2 -> 262
A11: SEL_PK8 | C11: =F10 -> 262 | D11: =C11+$L$2 -> 263 | E11: =D11+$M$2 -> 264 | F11: =E11+$N$2 -> 268
A12: PMF_M8_1_c | B12: =D30-2 -> 281 | C12: =B12+$P$2 -> 283 | D12: =C12+$Q$2 -> 291 | E12: =D12+$R$2 -> 295 | F12: =E12+$S$2 -> 299
A13: TQITQ_M8 | C13: =E12 -> 295 | D13: =C13+$U$2 -> 295 | E13: =D13+$V$2 -> 314 | F13: =E13+$W$2 -> 314
A14: INTER_PK8 | C14: =F13 -> 314 | D14: =C14+$H$2 -> 315 | E14: =D14+$I$2 -> 316 | F14: =E14+$J$2 -> 317
A15: SEL_PK8 | C15: =F14 -> 317 | D15: =C15+$L$2 -> 318 | E15: =D15+$M$2 -> 319 | F15: =E15+$N$2 -> 323
A16: PMF_M8_2_c | B16: =F15 -> 323 | C16: =B16+$P$2 -> 325 | D16: =C16+$Q$2 -> 333 | E16: =D16+$R$2 -> 337 | F16: =E16+$S$2 -> 341
A17: TQITQ_M8 | C17: =E16 -> 337 | D17: =C17+$U$2 -> 337 | E17: =D17+$V$2 -> 356 | F17: =E17+$W$2 -> 356
A18: INTER_PK8 | C18: =F17 -> 356 | D18: =C18+$H$2 -> 357 | E18: =D18+$I$2 -> 358 | F18: =E18+$J$2 -> 359
A19: SEL_PK8 | C19: =F18 -> 359 | D19: =C19+$L$2 -> 360 | E19: =D19+$M$2 -> 361 | F19: =E19+$N$2 -> 365
A20: PMF_M8_3_c | B20: =F19 -> 365 | C20: =B20+$P$2 -> 367 | D20: =C20+$Q$2 -> 375 | E20: =D20+$R$2 -> 379 | F20: =E20+$S$2 -> 383
A21: TQITQ_F8 | C21: =E20 -> 379 | D21: =C21+$U$2 -> 379 | E21: =D21+$V$2 -> 398 | F21: =E21+$W$2 -> 398
A22: INTER_PK8 | C22: =F21 -> 398 | D22: =C22+$H$2 -> 399 | E22: =D22+$I$2 -> 400 | F22: =E22+$J$2 -> 401
A23: SEL_PK8 | C23: =F22 -> 401 | D23: =C23+$L$2 -> 402 | E23: =D23+$M$2 -> 403 | F23: =E23+$N$2 -> 407
A24: PMF_M8_1_a | B24: =D8-2 -> 234 | C24: =B24+$P$2 -> 236 | D24: =C24+$Q$2 -> 244 | E24: =D24+$R$2 -> 248 | F24: =E24+$S$2 -> 252
A25: PMF_M8_1_b | B25: =B24+8 -> 242 | C25: =B25+$P$2 -> 244 | D25: =C25+$Q$2 -> 252 | E25: =D25+$R$2 -> 256 | F25: =E25+$S$2 -> 260
A26: PMF_F8_1 | B26: =B25+8 -> 250 | C26: =B26+$P$2 -> 252 | D26: =C26+$Q$2 -> 260 | E26: =D26+$R$2 -> 264 | F26: =E26+$S$2 -> 268
A27: PMF_F8_2 | B27: =D29-2 -> 305 | C27: =B27+$P$2 -> 307 | D27: =C27+$Q$2 -> 315 | E27: =D27+$R$2 -> 319 | F27: =E27+$S$2 -> 323
A28: PMF_M8_2_a | B28: =B12+8 -> 289 | C28: =B28+$P$2 -> 291 | D28: =C28+$Q$2 -> 299 | E28: =D28+$R$2 -> 303 | F28: =E28+$S$2 -> 307
A29: PMF_M8_2_b | B29: =B28+8 -> 297 | C29: =B29+$P$2 -> 299 | D29: =C29+$Q$2 -> 307 | E29: =D29+$R$2 -> 311 | F29: =E29+$S$2 -> 315
A30: PMF_F16_1 | B30: =D26-2 -> 258 | C30: =B30+$Y$2 -> 260 | D30: =C30+$Z$2 -> 283 | E30: =D30+$AA$2 -> 275 | F30: =E30+$AB$2 -> 291
A31: PMF_M8_3_a | B31: =D16-2 -> 331 | C31: =B31+$P$2 -> 333 | D31: =C31+$Q$2 -> 341 | E31: =D31+$R$2 -> 345 | F31: =E31+$S$2 -> 349
A32: PMF_M8_3_b | B32: =B31+8 -> 339 | C32: =B32+$P$2 -> 341 | D32: =C32+$Q$2 -> 349 | E32: =D32+$R$2 -> 353 | F32: =E32+$S$2 -> 357
A33: PMF_F8_3 | B33: =D32-2 -> 347 | C33: =B33+$P$2 -> 349 | D33: =C33+$Q$2 -> 357 | E33: =D33+$R$2 -> 361 | F33: =E33+$S$2 -> 365

Sheet PMF c1 round0
A1: tile | B1: PMF c1 round0-3 | P1: =v0!A80 -> Yread latancy | Q1: =v0!B80 -> 32x32 input cc | R1: =v0!C80 -> 32x32 work cc | S1: =v0!D80 -> 32x32 output cc | Y1: =v0!A82 -> Yread latancy | Z1: =v0!B82 -> 16x16 input cc | AA1: =v0!C82 -> 16x16 work cc | AB1: =v0!D82 -> 16x16 output cc
A2: x | B2: CYCLE | P2: =v0!A98 -> 0 | Q2: =v0!B98 -> 0 | R2: =v0!C98 -> 0 | S2: =v0!D98 -> 0 | Y2: =v0!A100 -> 0 | Z2: =v0!B100 -> 0 | AA2: =v0!C100 -> 0 | AB2: =v0!D100 -> 0
A3: y | B3: MODE
A4: mode | B4: pipe begin | C4: input begin | D4: input end | E4: output begin | F4: output end
A5: PMF_M16_0_a | B5: 0 | C5: =B5+$Y$2 -> 0 | D5: =C5+$Z$2 -> 0 | E5: ='PMF c0 round0'!F31 -> 89 | F5: =E5+$AB$2 -> 89
A6: PMF_M16_0_b | B6: =D5-2 -> -2 | C6: =B6+$Y$2 -> -2 | D6: =C6+$Z$2 -> -2 | E6: =F5 -> 89 | F6: =E6+$AB$2 -> 89
A7: PMF_M32_0_a | B7: =D6-2 -> -4 | C7: =B7+$P$2 -> -4 | D7: =C7+$Q$2 -> -4 | E7: =D7+$R$2 -> -4 | F7: =E7+$S$2 -> -4
A8: PMF_M32_0_b | B8: =D7-2 -> -6 | C8: =B8+$P$2 -> -6 | D8: =C8+$Q$2 -> -6 | E8: =D8+$R$2 -> -6 | F8: =E8+$S$2 -> -6

Sheet PMF c1 round1-3
A1: tile | B1: PMF c1 round1-3 | P1: =v0!A80 -> Yread latancy | Q1: =v0!B80 -> 32x32 input cc | R1: =v0!C80 -> 32x32 work cc | S1: =v0!D80 -> 32x32 output cc | Y1: =v0!A82 -> Yread latancy | Z1: =v0!B82 -> 16x16 input cc | AA1: =v0!C82 -> 16x16 work cc | AB1: =v0!D82 -> 16x16 output cc
A2: x | B2: CYCLE | P2: =v0!A81 -> 2 | Q2: =v0!B81 -> 78 | R2: =v0!C81 -> 8 | S2: =v0!D81 -> 64 | Y2: =v0!A83 -> 2 | Z2: =v0!B83 -> 23 | AA2: =v0!C83 -> -8 | AB2: =v0!D83 -> 16
A3: y | B3: MODE
A4: mode | B4: pipe begin | C4: input begin | D4: input end | E4: output begin | F4: output end
A5: PMF_M16_1_a | B5: ='PMF c0 round1-3'!B8 -> 226 | C5: =B5+$Y$2 -> 228 | D5: =C5+$Z$2 -> 251 | E5: ='PMF c0 round1-3'!F30 -> 291 | F5: =E5+$AB$2 -> 307
A6: PMF_M16_1_b | B6: =D5-2 -> 249 | C6: =B6+$Y$2 -> 251 | D6: =C6+$Z$2 -> 274 | E6: =F5 -> 307 | F6: =E6+$AB$2 -> 323
A7: PMF_F32_0 | B7: =D6-2 -> 272 | C7: =B7+$P$2 -> 274 | D7: =C7+$Q$2 -> 352 | E7: =D7+$R$2 -> 360 | F7: =E7+$S$2 -> 424
A8: PMF_M16_2_a | B8: 400 | C8: =B8+$Y$2 -> 402 | D8: =C8+$Z$2 -> 425 | E8: =F14 -> 491 | F8: =E8+$AB$2 -> 507
A9: PMF_M16_2_b | B9: =D8-2 -> 423 | C9: =B9+$Y$2 -> 425 | D9: =C9+$Z$2 -> 448 | E9: =F8 -> 507 | F9: =E9+$AB$2 -> 523
A10: PMF_64M32_0 | B10: =D9-2 -> 446 | C10: =B10+$P$2 -> 448 | D10: =C10+$Q$2 -> 526 | E10: =D10+$R$2 -> 534 | F10: =E10+$S$2 -> 598
A11: PMF_64M32_1 | B11: =D10-2 -> 524 | C11: =B11+$P$2 -> 526 | D11: =C11+$Q$2 -> 604 | E11: =D11+$R$2 -> 612 | F11: =E11+$S$2 -> 676
A12: PMF_M16_3_a | B12: =D11-2 -> 602 | C12: =B12+$Y$2 -> 604 | D12: =C12+$Z$2 -> 627 | E12: =F15 -> 691 | F12: =E12+$AB$2 -> 707
A13: PMF_M16_3_b | B13: =D12-2 -> 625 | C13: =B13+$Y$2 -> 627 | D13: =C13+$Z$2 -> 650 | E13: =F12 -> 707 | F13: =E13+$AB$2 -> 723
A14: PMF_F16_2 | E14: 475 | F14: =E14+$AB$2 -> 491
A15: PMF_F16_3 | E15: 675 | F15: =E15+$AB$2 -> 691

Sheet PMF UV c0 round0
A1: tile | B1: PMF UV c0 round0 | H1: =v0!A76 -> inter pk in | I1: =v0!B76 -> inter pk work | J1: =v0!C76 -> inter pk out | L1: =v0!A78 -> sel pk in | M1: =v0!B78 -> sel pk work | N1: =v0!C78 -> sel pk out | P1: =v0!A92 -> UVread latancy | Q1: =v0!B92 -> 4x4 input cc | R1: =v0!C92 -> 4x4 work cc | S1: =v0!D92 -> 4x4 output cc | U1: =v0!G78 -> tqitq4x4 input | V1: =v0!H78 -> tqitq work | W1: =v0!I78 -> tqitq out | Y1: =v0!A90 -> UVread latancy | Z1: =v0!B90 -> 8x8 input cc | AA1: =v0!C90 -> 8x8 work cc | AB1: =v0!D90 -> 8x8 output cc
A2: x | B2: CYCLE | H2: =v0!A77 -> 1 | I2: =v0!B77 -> 1 | J2: =v0!C77 -> 1 | L2: =v0!A79 -> 1 | M2: =v0!B79 -> 1 | N2: =v0!C79 -> 4 | P2: =v0!A93 -> 2 | Q2: =v0!B93 -> 8 | R2: =v0!C93 -> 2 | S2: =v0!D93 -> 2 | U2: =v0!G79 -> 0 | V2: =v0!H79 -> 12 | W2: =v0!I79 -> 0 | Y2: =v0!A91 -> 2 | Z2: =v0!B91 -> 22 | AA2: =v0!C91 -> 0 | AB2: =v0!D91 -> 10
A3: y | B3: MODE
A4: mode | B4: pipe begin | C4: input begin | D4: input end | E4: output begin | F4: output end
A5: PMF_M4_0_a | B5: 0 | C5: =B5+$P$2 -> 2 | D5: =C5+$Q$2 -> 10 | E5: =D5+$R$2 -> 12 | F5: =E5+$S$2 -> 14
A6: PMF_M4_0_b | B6: =B5+8 -> 8 | C6: =B6+$P$2 -> 10 | D6: =C6+$Q$2 -> 18 | E6: =D6+$R$2 -> 20 | F6: =E6+$S$2 -> 22
A7: PMF_M4_0_c | B7: =B6+8 -> 16 | C7: =B7+$P$2 -> 18 | D7: =C7+$Q$2 -> 26 | E7: =D7+$R$2 -> 28 | F7: =E7+$S$2 -> 30
A8: PMF_F4_0 | B8: =B7+8 -> 24 | C8: =B8+$P$2 -> 26 | D8: =C8+$Q$2 -> 34 | E8: =D8+$R$2 -> 36 | F8: =E8+$S$2 -> 38
A9: TQITQ_F4 | C9: =E8 -> 36 | D9: =C9+$U$2 -> 36 | E9: =D9+$V$2 -> 48 | F9: =E9+$W$2 -> 48
A10: INTER_PK4 | C10: =F9 -> 48 | D10: =C10+$H$2 -> 49 | E10: =D10+$I$2 -> 50 | F10: =E10+$J$2 -> 51
A11: SEL_PK4 | C11: =F10 -> 51 | D11: =C11+$L$2 -> 52 | E11: =D11+$M$2 -> 53 | F11: =E11+$N$2 -> 57
A12: PMF_M4_1_c | B12: ='PMF c0 round0'!B12 -> 79 | C12: =B12+$P$2 -> 81 | D12: =C12+$Q$2 -> 89 | E12: =D12+$R$2 -> 91 | F12: =E12+$S$2 -> 93
A13: TQITQ_M4 | C13: =E12 -> 91 | D13: =C13+$U$2 -> 91 | E13: =D13+$V$2 -> 103 | F13: =E13+$W$2 -> 103
A14: INTER_PK4 | C14: =F13 -> 103 | D14: =C14+$H$2 -> 104 | E14: =D14+$I$2 -> 105 | F14: =E14+$J$2 -> 106
A15: SEL_PK4 | C15: =F14 -> 106 | D15: =C15+$L$2 -> 107 | E15: =D15+$M$2 -> 108 | F15: =E15+$N$2 -> 112
A16: PMF_M4_2_c | B16: ='PMF c0 round0'!B16 -> 125 | C16: =B16+$P$2 -> 127 | D16: =C16+$Q$2 -> 135 | E16: =D16+$R$2 -> 137 | F16: =E16+$S$2 -> 139
A17: TQITQ_M4 | C17: =E16 -> 137 | D17: =C17+$U$2 -> 137 | E17: =D17+$V$2 -> 149 | F17: =E17+$W$2 -> 149
A18: INTER_PK4 | C18: =F17 -> 149 | D18: =C18+$H$2 -> 150 | E18: =D18+$I$2 -> 151 | F18: =E18+$J$2 -> 152
A19: SEL_PK4 | C19: =F18 -> 152 | D19: =C19+$L$2 -> 153 | E19: =D19+$M$2 -> 154 | F19: =E19+$N$2 -> 158
A20: PMF_M4_3_c | B20: ='PMF c0 round0'!B20 -> 171 | C20: =B20+$P$2 -> 173 | D20: =C20+$Q$2 -> 181 | E20: =D20+$R$2 -> 183 | F20: =E20+$S$2 -> 185
A21: TQITQ_F4 | C21: =E20 -> 183 | D21: =C21+$U$2 -> 183 | E21: =D21+$V$2 -> 195 | F21: =E21+$W$2 -> 195
A22: INTER_PK4 | C22: =F21 -> 195 | D22: =C22+$H$2 -> 196 | E22: =D22+$I$2 -> 197 | F22: =E22+$J$2 -> 198
A23: SEL_PK4 | C23: =F22 -> 198 | D23: =C23+$L$2 -> 199 | E23: =D23+$M$2 -> 200 | F23: =E23+$N$2 -> 204
A24: dummy wait | D24: =F23 -> 204 | E24: =D24+7 -> 211 | F24: =E24+1 -> 212
A25: PMF_M4_1_a | B25: =B8+8 -> 32 | C25: =B25+$P$2 -> 34 | D25: =C25+$Q$2 -> 42 | E25: =D25+$R$2 -> 44 | F25: =E25+$S$2 -> 46
A26: PMF_M4_1_b | B26: =B25+8 -> 40 | C26: =B26+$P$2 -> 42 | D26: =C26+$Q$2 -> 50 | E26: =D26+$R$2 -> 52 | F26: =E26+$S$2 -> 54
A27: PMF_F4_1 | B27: =B26+8 -> 48 | C27: =B27+$P$2 -> 50 | D27: =C27+$Q$2 -> 58 | E27: =D27+$R$2 -> 60 | F27: =E27+$S$2 -> 62
A28: PMF_F4_2 | B28: =D30-2 -> 103 | C28: =B28+$P$2 -> 105 | D28: =C28+$Q$2 -> 113 | E28: =D28+$R$2 -> 115 | F28: =E28+$S$2 -> 117
A29: PMF_M4_2_a | B29: =B12+8 -> 87 | C29: =B29+$P$2 -> 89 | D29: =C29+$Q$2 -> 97 | E29: =D29+$R$2 -> 99 | F29: =E29+$S$2 -> 101
A30: PMF_M4_2_b | B30: =B29+8 -> 95 | C30: =B30+$P$2 -> 97 | D30: =C30+$Q$2 -> 105 | E30: =D30+$R$2 -> 107 | F30: =E30+$S$2 -> 109
A31: PMF_F8_0 | B31: =D27-2 -> 56 | C31: =B31+$Y$2 -> 58 | D31: =C31+$Z$2 -> 80 | E31: =D31+$AA$2+2 -> 82 | F31: =E31+$AB$2 -> 92
A32: PMF_M4_3_a | B32: =D16-2 -> 133 | C32: =B32+$P$2 -> 135 | D32: =C32+$Q$2 -> 143 | E32: =D32+$R$2 -> 145 | F32: =E32+$S$2 -> 147
A33: PMF_M4_3_b | B33: =B32+8 -> 141 | C33: =B33+$P$2 -> 143 | D33: =C33+$Q$2 -> 151 | E33: =D33+$R$2 -> 153 | F33: =E33+$S$2 -> 155
A34: PMF_F4_3 | B34: =D33-2 -> 149 | C34: =B34+$P$2 -> 151 | D34: =C34+$Q$2 -> 159 | E34: =D34+$R$2 -> 161 | F34: =E34+$S$2 -> 163

Sheet PMF UV c0 round1-3
A1: tile | B1: PMF UV c0 round1-3 | H1: =v0!A76 -> inter pk in | I1: =v0!B76 -> inter pk work | J1: =v0!C76 -> inter pk out | L1: =v0!A78 -> sel pk in | M1: =v0!B78 -> sel pk work | N1: =v0!C78 -> sel pk out | P1: =v0!A92 -> UVread latancy | Q1: =v0!B92 -> 4x4 input cc | R1: =v0!C92 -> 4x4 work cc | S1: =v0!D92 -> 4x4 output cc | U1: =v0!G78 -> tqitq4x4 input | V1: =v0!H78 -> tqitq work | W1: =v0!I78 -> tqitq out | Y1: =v0!A90 -> UVread latancy | Z1: =v0!B90 -> 8x8 input cc | AA1: =v0!C90 -> 8x8 work cc | AB1: =v0!D90 -> 8x8 output cc
A2: x | B2: CYCLE | H2: =v0!A77 -> 1 | I2: =v0!B77 -> 1 | J2: =v0!C77 -> 1 | L2: =v0!A79 -> 1 | M2: =v0!B79 -> 1 | N2: =v0!C79 -> 4 | P2: =v0!A93 -> 2 | Q2: =v0!B93 -> 8 | R2: =v0!C93 -> 2 | S2: =v0!D93 -> 2 | U2: =v0!G79 -> 0 | V2: =v0!H79 -> 12 | W2: =v0!I79 -> 0 | Y2: =v0!A91 -> 2 | Z2: =v0!B91 -> 22 | AA2: =v0!C91 -> 0 | AB2: =v0!D91 -> 10
A3: y | B3: MODE
A4: mode | B4: pipe begin | C4: input begin | D4: input end | E4: output begin | F4: output end
A5: PMF_M4_0_a | B5: ='PMF c0 round1-3'!B5 -> 202 | C5: =B5+$P$2 -> 204 | D5: =C5+$Q$2 -> 212 | E5: =D5+$R$2 -> 214 | F5: =E5+$S$2 -> 216
A6: PMF_M4_0_b | B6: =B5+8 -> 210 | C6: =B6+$P$2 -> 212 | D6: =C6+$Q$2 -> 220 | E6: =D6+$R$2 -> 222 | F6: =E6+$S$2 -> 224
A7: PMF_F4_0 | B7: =D6-2 -> 218 | C7: =B7+$P$2 -> 220 | D7: =C7+$Q$2 -> 228 | E7: =D7+$R$2 -> 230 | F7: =E7+$S$2 -> 232
A8: PMF_M4_0_c | B8: ='PMF c0 round1-3'!B8 -> 226 | C8: =B8+$P$2 -> 228 | D8: =C8+$Q$2 -> 236 | E8: =D8+$R$2 -> 238 | F8: =E8+$S$2 -> 240
A9: TQITQ_F4 | C9: =E8 -> 238 | D9: =C9+$U$2 -> 238 | E9: =D9+$V$2 -> 250 | F9: =E9+$W$2 -> 250
A10: INTER_PK4 | C10: =F9 -> 250 | D10: =C10+$H$2 -> 251 | E10: =D10+$I$2 -> 252 | F10: =E10+$J$2 -> 253
A11: SEL_PK4 | C11: =F10 -> 253 | D11: =C11+$L$2 -> 254 | E11: =D11+$M$2 -> 255 | F11: =E11+$N$2 -> 259
A12: PMF_M4_1_c | B12: ='PMF c0 round1-3'!B12 -> 281 | C12: =B12+$P$2 -> 283 | D12: =C12+$Q$2 -> 291 | E12: =D12+$R$2 -> 293 | F12: =E12+$S$2 -> 295
A13: TQITQ_M4 | C13: =E12 -> 293 | D13: =C13+$U$2 -> 293 | E13: =D13+$V$2 -> 305 | F13: =E13+$W$2 -> 305
A14: INTER_PK4 | C14: =F13 -> 305 | D14: =C14+$H$2 -> 306 | E14: =D14+$I$2 -> 307 | F14: =E14+$J$2 -> 308
A15: SEL_PK4 | C15: =F14 -> 308 | D15: =C15+$L$2 -> 309 | E15: =D15+$M$2 -> 310 | F15: =E15+$N$2 -> 314
A16: PMF_M4_2_c | B16: ='PMF c0 round1-3'!B16 -> 323 | C16: =B16+$P$2 -> 325 | D16: =C16+$Q$2 -> 333 | E16: =D16+$R$2 -> 335 | F16: =E16+$S$2 -> 337
A17: TQITQ_M4 | C17: =E16 -> 335 | D17: =C17+$U$2 -> 335 | E17: =D17+$V$2 -> 347 | F17: =E17+$W$2 -> 347
A18: INTER_PK4 | C18: =F17 -> 347 | D18: =C18+$H$2 -> 348 | E18: =D18+$I$2 -> 349 | F18: =E18+$J$2 -> 350
A19: SEL_PK4 | C19: =F18 -> 350 | D19: =C19+$L$2 -> 351 | E19: =D19+$M$2 -> 352 | F19: =E19+$N$2 -> 356
A20: PMF_M4_3_c | B20: ='PMF c0 round1-3'!B20 -> 365 | C20: =B20+$P$2 -> 367 | D20: =C20+$Q$2 -> 375 | E20: =D20+$R$2+1 -> 378 | F20: =E20+$S$2 -> 380
A21: TQITQ_F4 | C21: =E20 -> 378 | D21: =C21+$U$2 -> 378 | E21: =D21+$V$2 -> 390 | F21: =E21+$W$2 -> 390
A22: INTER_PK4 | C22: =F21 -> 390 | D22: =C22+$H$2 -> 391 | E22: =D22+$I$2 -> 392 | F22: =E22+$J$2 -> 393
A23: SEL_PK4 | C23: =F22 -> 393 | D23: =C23+$L$2 -> 394 | E23: =D23+$M$2 -> 395 | F23: =E23+$N$2 -> 399
A24: dummy wait | D24: =F23 -> 399 | E24: =D24+7 -> 406 | F24: =E24+1 -> 407
A25: PMF_M4_1_a | B25: =D8-2 -> 234 | C25: =B25+$P$2 -> 236 | D25: =C25+$Q$2 -> 244 | E25: =D25+$R$2 -> 246 | F25: =E25+$S$2 -> 248
A26: PMF_M4_1_b | B26: =B25+8 -> 242 | C26: =B26+$P$2 -> 244 | D26: =C26+$Q$2 -> 252 | E26: =D26+$R$2 -> 254 | F26: =E26+$S$2 -> 256
A27: PMF_F4_1 | B27: =B26+8 -> 250 | C27: =B27+$P$2 -> 252 | D27: =C27+$Q$2 -> 260 | E27: =D27+$R$2 -> 262 | F27: =E27+$S$2 -> 264
A28: PMF_F4_2 | B28: =D30-2 -> 305 | C28: =B28+$P$2 -> 307 | D28: =C28+$Q$2 -> 315 | E28: =D28+$R$2 -> 317 | F28: =E28+$S$2 -> 319
A29: PMF_M4_2_a | B29: =B12+8 -> 289 | C29: =B29+$P$2 -> 291 | D29: =C29+$Q$2 -> 299 | E29: =D29+$R$2 -> 301 | F29: =E29+$S$2 -> 303
A30: PMF_M4_2_b | B30: =B29+8 -> 297 | C30: =B30+$P$2 -> 299 | D30: =C30+$Q$2 -> 307 | E30: =D30+$R$2 -> 309 | F30: =E30+$S$2 -> 311
A31: PMF_F8_1 | B31: =D27-2 -> 258 | C31: =B31+$Y$2 -> 260 | D31: =C31+$Z$2 -> 282 | E31: =D31+$AA$2+2 -> 284 | F31: =E31+$AB$2 -> 294
A32: PMF_M4_3_a | B32: =D16-2 -> 331 | C32: =B32+$P$2 -> 333 | D32: =C32+$Q$2 -> 341 | E32: =D32+$R$2 -> 343 | F32: =E32+$S$2 -> 345
A33: PMF_M4_3_b | B33: =B32+8 -> 339 | C33: =B33+$P$2 -> 341 | D33: =C33+$Q$2 -> 349 | E33: =D33+$R$2+1 -> 352 | F33: =E33+$S$2 -> 354
A34: PMF_F4_3 | B34: =D33-2 -> 347 | C34: =B34+$P$2 -> 349 | D34: =C34+$Q$2 -> 357 | E34: =D34+$R$2+1 -> 360 | F34: =E34+$S$2 -> 362

Sheet PMF UV c1 round0
A1: tile | B1: PMF UV c1 round0 | H1: =v0!A76 -> inter pk in | I1: =v0!B76 -> inter pk work | J1: =v0!C76 -> inter pk out | L1: =v0!A78 -> sel pk in | M1: =v0!B78 -> sel pk work | N1: =v0!C78 -> sel pk out | P1: =v0!A86 -> UVread latancy | Q1: =v0!B86 -> 32x32 input cc | R1: =v0!C86 -> 32x32 work cc | S1: =v0!D86 -> 32x32 output cc | U1: =v0!G78 -> tqitq4x4 input | V1: =v0!H78 -> tqitq work | W1: =v0!I78 -> tqitq out
A2: x | B2: CYCLE | H2: =v0!A77 -> 1 | I2: =v0!B77 -> 1 | J2: =v0!C77 -> 1 | L2: =v0!A79 -> 1 | M2: =v0!B79 -> 1 | N2: =v0!C79 -> 4 | P2: =v0!A87 -> 2 | Q2: =v0!B87 -> 88 | R2: =v0!C87 -> -80 | S2: =v0!D87 -> 88 | U2: =v0!G79 -> 0 | V2: =v0!H79 -> 12 | W2: =v0!I79 -> 0
A3: y | B3: MODE | P3: =v0!A88 -> UVread latancy | Q3: =v0!B88 -> 16x16 input cc | R3: =v0!C88 -> 16x16 work cc | S3: =v0!D88 -> 16x16 output cc
A4: mode | B4: pipe begin | C4: input begin | D4: input end | E4: output begin | F4: output end | P4: =v0!A89 -> 2 | Q4: =v0!B89 -> 76 | R4: =v0!C89 -> -16 | S4: =v0!D89 -> 32
A5: PMF_M8_0_a | B5: 0 | C5: =B5+$P$6 -> 2 | D5: =C5+$Q$6 -> 24 | E5: ='PMF c0 round0'!F27 -> 66 | F5: =E5+8 -> 74 | P5: =v0!A90 -> UVread latancy | Q5: =v0!B90 -> 8x8 input cc | R5: =v0!C90 -> 8x8 work cc | S5: =v0!D90 -> 8x8 output cc
A6: PMF_M8_0_b | B6: =D5-2 -> 22 | C6: =B6+$P$6 -> 24 | D6: =C6+$Q$6 -> 46 | E6: =F5 -> 74 | F6: =E6+8 -> 82 | P6: =v0!A91 -> 2 | Q6: =v0!B91 -> 22 | R6: =v0!C91 -> 0 | S6: =v0!D91 -> 10
A7: PMF_M16_0_a | B7: =D6-2 -> 44 | C7: =B7+$P$4 -> 46 | D7: =C7+$Q$4 -> 122 | E7: =D7+$R$4+16 -> 122 | F7: =E7+$S$4 -> 154
A8: PMF_M16_0_b | B8: =D7-2 -> 120 | C8: =B8+'PMF UV c1 round1-3'!$P$4 -> 122 | D8: =C8+'PMF UV c1 round1-3'!$Q$4 -> 198 | E8: =D8+'PMF UV c1 round1-3'!$R$4 -> 182 | F8: =E8+'PMF UV c1 round1-3'!$S$4 -> 214

Sheet PMF UV c1 round1-3
A1: tile | B1: PMF UV c1 round1-3 | H1: =v0!A76 -> inter pk in | I1: =v0!B76 -> inter pk work | J1: =v0!C76 -> inter pk out | L1: =v0!A78 -> sel pk in | M1: =v0!B78 -> sel pk work | N1: =v0!C78 -> sel pk out | P1: =v0!A86 -> UVread latancy | Q1: =v0!B86 -> 32x32 input cc | R1: =v0!C86 -> 32x32 work cc | S1: =v0!D86 -> 32x32 output cc | U1: =v0!G78 -> tqitq4x4 input | V1: =v0!H78 -> tqitq work | W1: =v0!I78 -> tqitq out
A2: x | B2: CYCLE | H2: =v0!A77 -> 1 | I2: =v0!B77 -> 1 | J2: =v0!C77 -> 1 | L2: =v0!A79 -> 1 | M2: =v0!B79 -> 1 | N2: =v0!C79 -> 4 | P2: =v0!A87 -> 2 | Q2: =v0!B87 -> 88 | R2: =v0!C87 -> -80 | S2: =v0!D87 -> 88 | U2: =v0!G79 -> 0 | V2: =v0!H79 -> 12 | W2: =v0!I79 -> 0
A3: y | B3: MODE | P3: =v0!A88 -> UVread latancy | Q3: =v0!B88 -> 16x16 input cc | R3: =v0!C88 -> 16x16 work cc | S3: =v0!D88 -> 16x16 output cc
A4: mode | B4: pipe begin | C4: input begin | D4: input end | E4: output begin | F4: output end | P4: =v0!A89 -> 2 | Q4: =v0!B89 -> 76 | R4: =v0!C89 -> -16 | S4: =v0!D89 -> 32
A5: PMF_M8_1_a | B5: ='PMF c1 round1-3'!B5+10 -> 236 | C5: =B5+$P$6 -> 238 | D5: =C5+$Q$6 -> 260 | E5: ='PMF c0 round1-3'!F26 -> 268 | F5: =E5+8 -> 276 | P5: =v0!A90 -> UVread latancy | Q5: =v0!B90 -> 8x8 input cc | R5: =v0!C90 -> 8x8 work cc | S5: =v0!D90 -> 8x8 output cc
A6: PMF_M8_1_b | B6: =D5-2 -> 258 | C6: =B6+$P$6 -> 260 | D6: =C6+$Q$6 -> 282 | E6: =F5 -> 276 | F6: =E6+$S$6 -> 286 | P6: =v0!A91 -> 2 | Q6: =v0!B91 -> 22 | R6: =v0!C91 -> 0 | S6: =v0!D91 -> 10
A7: PMF_F16_1 | B7: =D6-2 -> 280 | C7: =B7+$P$4 -> 282 | D7: =C7+$Q$4 -> 358 | E7: =D7+$R$4 -> 342 | F7: =E7+$S$4 -> 374
A8: PMF_M8_2_a | B8: ='PMF c1 round1-3'!B8 -> 400 | C8: =B8+$P$6 -> 402 | D8: =C8+$Q$6 -> 424 | E8: =D8+$R$6 -> 424 | F8: =E8+$S$6 -> 434
A9: PMF_M8_2_b | B9: =D8-2 -> 422 | C9: =B9+$P$6 -> 424 | D9: =C9+$Q$6 -> 446 | E9: =D9+$R$6 -> 446 | F9: =E9+$S$6 -> 456
A10: PMF_32M16_0 | B10: =D9-2 -> 444 | C10: =B10+$P$4 -> 446 | D10: =C10+$Q$4 -> 522 | E10: =F11 -> 614 | F10: =E10+32 -> 646
A11: PMF_32M16_1 | B11: =D10-2 -> 520 | C11: =B11+$P$4 -> 522 | D11: =C11+$Q$4 -> 598 | E11: =D11+$R$4 -> 582 | F11: =E11+32 -> 614
A12: PMF_M8_3_a | B12: ='PMF c1 round1-3'!B12 -> 602 | C12: =B12+$P$6 -> 604 | D12: =C12+$Q$6 -> 626 | E12: =D12+$R$6 -> 626 | F12: =E12+$S$6 -> 636
A13: PMF_M8_3_b | B13: =D12-2 -> 624 | C13: =B13+$P$6 -> 626 | D13: =C13+$Q$6 -> 648 | E13: =D13+$R$6 -> 648 | F13: =E13+$S$6 -> 658
A14: PMF_F8_2 | E14: =F9 -> 456 | F14: =E14+8 -> 464
A15: PMF_F8_3 | E15: =F13 -> 658 | F15: =E15+8 -> 666

Sheet Sheet22
